パス,名前,種類,アクセス許可,継承,適用先
"C:\cpqsystem","NT AUTHORITY\SYSTEM","フル コントロール","許可","True","このフォルダ、サブフォルダ、 ファイル"
"C:\cpqsystem","BUILTIN\Administrators","フル コントロール","許可","True","このフォルダ、サブフォルダ、 ファイル"
"C:\cpqsystem","BUILTIN\Users","読み取りと実行","許可","True","このフォルダ、サブフォルダ、 ファイル"
"C:\cpqsystem","BUILTIN\Users","AppendData","許可","True","このフォルダ、サブフォルダ"
"C:\cpqsystem","BUILTIN\Users","CreateFiles","許可","True","このフォルダ、サブフォルダ"
"C:\cpqsystem","CREATOR OWNER","フル コントロール","許可","True","サブフォルダ、 ファイル"
"C:\inetpub","CREATOR OWNER","フル コントロール","許可","False","サブフォルダ、 ファイル"
"C:\inetpub","NT AUTHORITY\SYSTEM","フル コントロール","許可","False","サブフォルダ、 ファイル"
"C:\inetpub","NT AUTHORITY\SYSTEM","フル コントロール","許可","False","このフォルダ、"
"C:\inetpub","BUILTIN\Administrators","フル コントロール","許可","False","サブフォルダ、 ファイル"
"C:\inetpub","BUILTIN\Administrators","フル コントロール","許可","False","このフォルダ、"
"C:\inetpub","BUILTIN\Users","読み取りと実行","許可","False","サブフォルダ、 ファイル"
"C:\inetpub","BUILTIN\Users","読み取りと実行","許可","False","このフォルダ、"
"C:\inetpub","NT SERVICE\TrustedInstaller","フル コントロール","許可","False","サブフォルダ、 ファイル"
"C:\inetpub","NT SERVICE\TrustedInstaller","フル コントロール","許可","False","このフォルダ、"
"C:\NB","NT AUTHORITY\SYSTEM","フル コントロール","許可","True","このフォルダ、サブフォルダ、 ファイル"
"C:\NB","BUILTIN\Administrators","フル コントロール","許可","True","このフォルダ、サブフォルダ、 ファイル"
"C:\NB","BUILTIN\Users","読み取りと実行","許可","True","このフォルダ、サブフォルダ、 ファイル"
"C:\NB","BUILTIN\Users","AppendData","許可","True","このフォルダ、サブフォルダ"
"C:\NB","BUILTIN\Users","CreateFiles","許可","True","このフォルダ、サブフォルダ"
"C:\NB","CREATOR OWNER","フル コントロール","許可","True","サブフォルダ、 ファイル"
"C:\PerfLogs","NT AUTHORITY\SYSTEM","フル コントロール","許可","False","このフォルダ、サブフォルダ、 ファイル"
"C:\PerfLogs","BUILTIN\Administrators","フル コントロール","許可","False","このフォルダ、サブフォルダ、 ファイル"
"C:\PerfLogs","BUILTIN\Performance Log Users","CreateFiles, AppendData, ReadAndExecute, Synchronize","許可","False","このフォルダ、ファイル"
"C:\Program Files","CREATOR OWNER","フル コントロール","許可","False","サブフォルダ、 ファイル"
"C:\Program Files","NT AUTHORITY\SYSTEM","フル コントロール","許可","False","サブフォルダ、 ファイル"
"C:\Program Files","NT AUTHORITY\SYSTEM","変更","許可","False","このフォルダ、"
"C:\Program Files","BUILTIN\Administrators","フル コントロール","許可","False","サブフォルダ、 ファイル"
"C:\Program Files","BUILTIN\Administrators","変更","許可","False","このフォルダ、"
"C:\Program Files","BUILTIN\Users","読み取りと実行","許可","False","サブフォルダ、 ファイル"
"C:\Program Files","BUILTIN\Users","読み取りと実行","許可","False","このフォルダ、"
"C:\Program Files","NT SERVICE\TrustedInstaller","フル コントロール","許可","False","サブフォルダ"
"C:\Program Files","NT SERVICE\TrustedInstaller","フル コントロール","許可","False","このフォルダ、"
"C:\Program Files","APPLICATION PACKAGE AUTHORITY\ALL APPLICATION PACKAGES","読み取りと実行","許可","False","このフォルダ、"
"C:\Program Files","APPLICATION PACKAGE AUTHORITY\ALL APPLICATION PACKAGES","読み取りと実行","許可","False","サブフォルダ、 ファイル"
"C:\Program Files","APPLICATION PACKAGE AUTHORITY\制限されたすべてのアプリケーション パッケージ","読み取りと実行","許可","False","このフォルダ、"
"C:\Program Files","APPLICATION PACKAGE AUTHORITY\制限されたすべてのアプリケーション パッケージ","読み取りと実行","許可","False","サブフォルダ、 ファイル"
"C:\Program Files (x86)","CREATOR OWNER","フル コントロール","許可","False","サブフォルダ、 ファイル"
"C:\Program Files (x86)","NT AUTHORITY\SYSTEM","フル コントロール","許可","False","サブフォルダ、 ファイル"
"C:\Program Files (x86)","NT AUTHORITY\SYSTEM","変更","許可","False","このフォルダ、"
"C:\Program Files (x86)","BUILTIN\Administrators","フル コントロール","許可","False","サブフォルダ、 ファイル"
"C:\Program Files (x86)","BUILTIN\Administrators","変更","許可","False","このフォルダ、"
"C:\Program Files (x86)","BUILTIN\Users","読み取りと実行","許可","False","サブフォルダ、 ファイル"
"C:\Program Files (x86)","BUILTIN\Users","読み取りと実行","許可","False","このフォルダ、"
"C:\Program Files (x86)","NT SERVICE\TrustedInstaller","フル コントロール","許可","False","サブフォルダ"
"C:\Program Files (x86)","NT SERVICE\TrustedInstaller","フル コントロール","許可","False","このフォルダ、"
"C:\Program Files (x86)","APPLICATION PACKAGE AUTHORITY\ALL APPLICATION PACKAGES","読み取りと実行","許可","False","このフォルダ、"
"C:\Program Files (x86)","APPLICATION PACKAGE AUTHORITY\ALL APPLICATION PACKAGES","読み取りと実行","許可","False","サブフォルダ、 ファイル"
"C:\Program Files (x86)","APPLICATION PACKAGE AUTHORITY\制限されたすべてのアプリケーション パッケージ","読み取りと実行","許可","False","このフォルダ、"
"C:\Program Files (x86)","APPLICATION PACKAGE AUTHORITY\制限されたすべてのアプリケーション パッケージ","読み取りと実行","許可","False","サブフォルダ、 ファイル"
"C:\Users","Everyone","読み取りと実行","許可","False","サブフォルダ、 ファイル"
"C:\Users","Everyone","読み取りと実行","許可","False","このフォルダ、"
"C:\Users","NT AUTHORITY\SYSTEM","フル コントロール","許可","False","このフォルダ、サブフォルダ、 ファイル"
"C:\Users","BUILTIN\Administrators","フル コントロール","許可","False","このフォルダ、サブフォルダ、 ファイル"
"C:\Users","BUILTIN\Users","読み取りと実行","許可","False","このフォルダ、"
"C:\Users","BUILTIN\Users","読み取りと実行","許可","False","サブフォルダ、 ファイル"
"C:\Windows","CREATOR OWNER","フル コントロール","許可","False","サブフォルダ、 ファイル"
"C:\Windows","NT AUTHORITY\SYSTEM","フル コントロール","許可","False","サブフォルダ、 ファイル"
"C:\Windows","NT AUTHORITY\SYSTEM","変更","許可","False","このフォルダ、"
"C:\Windows","BUILTIN\Administrators","フル コントロール","許可","False","サブフォルダ、 ファイル"
"C:\Windows","BUILTIN\Administrators","変更","許可","False","このフォルダ、"
"C:\Windows","BUILTIN\Users","読み取りと実行","許可","False","サブフォルダ、 ファイル"
"C:\Windows","BUILTIN\Users","読み取りと実行","許可","False","このフォルダ、"
"C:\Windows","NT SERVICE\TrustedInstaller","フル コントロール","許可","False","サブフォルダ"
"C:\Windows","NT SERVICE\TrustedInstaller","フル コントロール","許可","False","このフォルダ、"
"C:\Windows","APPLICATION PACKAGE AUTHORITY\ALL APPLICATION PACKAGES","読み取りと実行","許可","False","このフォルダ、"
"C:\Windows","APPLICATION PACKAGE AUTHORITY\ALL APPLICATION PACKAGES","読み取りと実行","許可","False","サブフォルダ、 ファイル"
"C:\Windows","APPLICATION PACKAGE AUTHORITY\制限されたすべてのアプリケーション パッケージ","読み取りと実行","許可","False","このフォルダ、"
"C:\Windows","APPLICATION PACKAGE AUTHORITY\制限されたすべてのアプリケーション パッケージ","読み取りと実行","許可","False","サブフォルダ、 ファイル"
"D:\share","NT AUTHORITY\SYSTEM","フル コントロール","許可","False","このフォルダ、サブフォルダ、 ファイル"
"D:\share","BUILTIN\Administrators","フル コントロール","許可","False","このフォルダ、サブフォルダ、 ファイル"
"D:\work","BUILTIN\Administrators","フル コントロール","許可","False","このフォルダ、"
"D:\work","BUILTIN\Administrators","フル コントロール","許可","True","このフォルダ、サブフォルダ、 ファイル"
"D:\work","NT AUTHORITY\SYSTEM","フル コントロール","許可","True","このフォルダ、サブフォルダ、 ファイル"
"D:\work","CREATOR OWNER","フル コントロール","許可","True","サブフォルダ、 ファイル"
"D:\work","BUILTIN\Users","読み取りと実行","許可","True","このフォルダ、サブフォルダ、 ファイル"
"D:\work","BUILTIN\Users","AppendData","許可","True","このフォルダ、サブフォルダ"
"D:\work","BUILTIN\Users","CreateFiles","許可","True","このフォルダ、サブフォルダ"
"E:\backup","Everyone","フル コントロール","許可","True","このフォルダ、サブフォルダ、 ファイル"
"H:\00_CALL","BUILTIN\Administrators","フル コントロール","許可","True","このフォルダ、"
"H:\00_CALL","BUILTIN\Administrators","フル コントロール","許可","True","サブフォルダ、 ファイル"
"H:\00_CALL","NT AUTHORITY\SYSTEM","フル コントロール","許可","True","このフォルダ、"
"H:\00_CALL","NT AUTHORITY\SYSTEM","フル コントロール","許可","True","サブフォルダ、 ファイル"
"H:\00_CALL","NT AUTHORITY\Authenticated Users","変更","許可","True","このフォルダ、"
"H:\00_CALL","NT AUTHORITY\Authenticated Users","変更","許可","True","サブフォルダ、 ファイル"
"H:\00_CALL","BUILTIN\Users","読み取りと実行","許可","True","このフォルダ、"
"H:\00_CALL","BUILTIN\Users","読み取りと実行","許可","True","サブフォルダ、 ファイル"
"H:\00_imgae","BUILTIN\Administrators","フル コントロール","許可","True","このフォルダ、"
"H:\00_imgae","BUILTIN\Administrators","フル コントロール","許可","True","サブフォルダ、 ファイル"
"H:\00_imgae","NT AUTHORITY\SYSTEM","フル コントロール","許可","True","このフォルダ、"
"H:\00_imgae","NT AUTHORITY\SYSTEM","フル コントロール","許可","True","サブフォルダ、 ファイル"
"H:\00_imgae","NT AUTHORITY\Authenticated Users","変更","許可","True","このフォルダ、"
"H:\00_imgae","NT AUTHORITY\Authenticated Users","変更","許可","True","サブフォルダ、 ファイル"
"H:\00_imgae","BUILTIN\Users","読み取りと実行","許可","True","このフォルダ、"
"H:\00_imgae","BUILTIN\Users","読み取りと実行","許可","True","サブフォルダ、 ファイル"
"H:\00_Private","BUILTIN\Administrators","フル コントロール","許可","True","このフォルダ、"
"H:\00_Private","BUILTIN\Administrators","フル コントロール","許可","True","サブフォルダ、 ファイル"
"H:\00_Private","NT AUTHORITY\SYSTEM","フル コントロール","許可","True","このフォルダ、"
"H:\00_Private","NT AUTHORITY\SYSTEM","フル コントロール","許可","True","サブフォルダ、 ファイル"
"H:\00_Private","NT AUTHORITY\Authenticated Users","変更","許可","True","このフォルダ、"
"H:\00_Private","NT AUTHORITY\Authenticated Users","変更","許可","True","サブフォルダ、 ファイル"
"H:\00_Private","BUILTIN\Users","読み取りと実行","許可","True","このフォルダ、"
"H:\00_Private","BUILTIN\Users","読み取りと実行","許可","True","サブフォルダ、 ファイル"
"H:\00_Tools","BUILTIN\Administrators","フル コントロール","許可","True","このフォルダ、"
"H:\00_Tools","BUILTIN\Administrators","フル コントロール","許可","True","サブフォルダ、 ファイル"
"H:\00_Tools","NT AUTHORITY\SYSTEM","フル コントロール","許可","True","このフォルダ、"
"H:\00_Tools","NT AUTHORITY\SYSTEM","フル コントロール","許可","True","サブフォルダ、 ファイル"
"H:\00_Tools","NT AUTHORITY\Authenticated Users","変更","許可","True","このフォルダ、"
"H:\00_Tools","NT AUTHORITY\Authenticated Users","変更","許可","True","サブフォルダ、 ファイル"
"H:\00_Tools","BUILTIN\Users","読み取りと実行","許可","True","このフォルダ、"
"H:\00_Tools","BUILTIN\Users","読み取りと実行","許可","True","サブフォルダ、 ファイル"
"H:\20210820","BUILTIN\Administrators","フル コントロール","許可","True","このフォルダ、"
"H:\20210820","BUILTIN\Administrators","フル コントロール","許可","True","サブフォルダ、 ファイル"
"H:\20210820","NT AUTHORITY\SYSTEM","フル コントロール","許可","True","このフォルダ、"
"H:\20210820","NT AUTHORITY\SYSTEM","フル コントロール","許可","True","サブフォルダ、 ファイル"
"H:\20210820","NT AUTHORITY\Authenticated Users","変更","許可","True","このフォルダ、"
"H:\20210820","NT AUTHORITY\Authenticated Users","変更","許可","True","サブフォルダ、 ファイル"
"H:\20210820","BUILTIN\Users","読み取りと実行","許可","True","このフォルダ、"
"H:\20210820","BUILTIN\Users","読み取りと実行","許可","True","サブフォルダ、 ファイル"
"H:\2021_atomi","BUILTIN\Administrators","フル コントロール","許可","True","このフォルダ、"
"H:\2021_atomi","BUILTIN\Administrators","フル コントロール","許可","True","サブフォルダ、 ファイル"
"H:\2021_atomi","NT AUTHORITY\SYSTEM","フル コントロール","許可","True","このフォルダ、"
"H:\2021_atomi","NT AUTHORITY\SYSTEM","フル コントロール","許可","True","サブフォルダ、 ファイル"
"H:\2021_atomi","NT AUTHORITY\Authenticated Users","変更","許可","True","このフォルダ、"
"H:\2021_atomi","NT AUTHORITY\Authenticated Users","変更","許可","True","サブフォルダ、 ファイル"
"H:\2021_atomi","BUILTIN\Users","読み取りと実行","許可","True","このフォルダ、"
"H:\2021_atomi","BUILTIN\Users","読み取りと実行","許可","True","サブフォルダ、 ファイル"
"H:\2021_CALL","BUILTIN\Administrators","フル コントロール","許可","True","このフォルダ、"
"H:\2021_CALL","BUILTIN\Administrators","フル コントロール","許可","True","サブフォルダ、 ファイル"
"H:\2021_CALL","NT AUTHORITY\SYSTEM","フル コントロール","許可","True","このフォルダ、"
"H:\2021_CALL","NT AUTHORITY\SYSTEM","フル コントロール","許可","True","サブフォルダ、 ファイル"
"H:\2021_CALL","NT AUTHORITY\Authenticated Users","変更","許可","True","このフォルダ、"
"H:\2021_CALL","NT AUTHORITY\Authenticated Users","変更","許可","True","サブフォルダ、 ファイル"
"H:\2021_CALL","BUILTIN\Users","読み取りと実行","許可","True","このフォルダ、"
"H:\2021_CALL","BUILTIN\Users","読み取りと実行","許可","True","サブフォルダ、 ファイル"
"H:\2022_CALL","BUILTIN\Administrators","フル コントロール","許可","True","このフォルダ、"
"H:\2022_CALL","BUILTIN\Administrators","フル コントロール","許可","True","サブフォルダ、 ファイル"
"H:\2022_CALL","NT AUTHORITY\SYSTEM","フル コントロール","許可","True","このフォルダ、"
"H:\2022_CALL","NT AUTHORITY\SYSTEM","フル コントロール","許可","True","サブフォルダ、 ファイル"
"H:\2022_CALL","NT AUTHORITY\Authenticated Users","変更","許可","True","このフォルダ、"
"H:\2022_CALL","NT AUTHORITY\Authenticated Users","変更","許可","True","サブフォルダ、 ファイル"
"H:\2022_CALL","BUILTIN\Users","読み取りと実行","許可","True","このフォルダ、"
"H:\2022_CALL","BUILTIN\Users","読み取りと実行","許可","True","サブフォルダ、 ファイル"
"H:\20231018","BUILTIN\Administrators","フル コントロール","許可","True","このフォルダ、"
"H:\20231018","BUILTIN\Administrators","フル コントロール","許可","True","サブフォルダ、 ファイル"
"H:\20231018","NT AUTHORITY\SYSTEM","フル コントロール","許可","True","このフォルダ、"
"H:\20231018","NT AUTHORITY\SYSTEM","フル コントロール","許可","True","サブフォルダ、 ファイル"
"H:\20231018","NT AUTHORITY\Authenticated Users","変更","許可","True","このフォルダ、"
"H:\20231018","NT AUTHORITY\Authenticated Users","変更","許可","True","サブフォルダ、 ファイル"
"H:\20231018","BUILTIN\Users","読み取りと実行","許可","True","このフォルダ、"
"H:\20231018","BUILTIN\Users","読み取りと実行","許可","True","サブフォルダ、 ファイル"
"H:\2023_CALL","BUILTIN\Administrators","フル コントロール","許可","True","このフォルダ、"
"H:\2023_CALL","BUILTIN\Administrators","フル コントロール","許可","True","サブフォルダ、 ファイル"
"H:\2023_CALL","NT AUTHORITY\SYSTEM","フル コントロール","許可","True","このフォルダ、"
"H:\2023_CALL","NT AUTHORITY\SYSTEM","フル コントロール","許可","True","サブフォルダ、 ファイル"
"H:\2023_CALL","NT AUTHORITY\Authenticated Users","変更","許可","True","このフォルダ、"
"H:\2023_CALL","NT AUTHORITY\Authenticated Users","変更","許可","True","サブフォルダ、 ファイル"
"H:\2023_CALL","BUILTIN\Users","読み取りと実行","許可","True","このフォルダ、"
"H:\2023_CALL","BUILTIN\Users","読み取りと実行","許可","True","サブフォルダ、 ファイル"
"H:\2023_Itabasi","BUILTIN\Administrators","フル コントロール","許可","True","このフォルダ、"
"H:\2023_Itabasi","BUILTIN\Administrators","フル コントロール","許可","True","サブフォルダ、 ファイル"
"H:\2023_Itabasi","NT AUTHORITY\SYSTEM","フル コントロール","許可","True","このフォルダ、"
"H:\2023_Itabasi","NT AUTHORITY\SYSTEM","フル コントロール","許可","True","サブフォルダ、 ファイル"
"H:\2023_Itabasi","NT AUTHORITY\Authenticated Users","変更","許可","True","このフォルダ、"
"H:\2023_Itabasi","NT AUTHORITY\Authenticated Users","変更","許可","True","サブフォルダ、 ファイル"
"H:\2023_Itabasi","BUILTIN\Users","読み取りと実行","許可","True","このフォルダ、"
"H:\2023_Itabasi","BUILTIN\Users","読み取りと実行","許可","True","サブフォルダ、 ファイル"
"H:\2024_CALL","BUILTIN\Administrators","フル コントロール","許可","True","このフォルダ、"
"H:\2024_CALL","BUILTIN\Administrators","フル コントロール","許可","True","サブフォルダ、 ファイル"
"H:\2024_CALL","NT AUTHORITY\SYSTEM","フル コントロール","許可","True","このフォルダ、"
"H:\2024_CALL","NT AUTHORITY\SYSTEM","フル コントロール","許可","True","サブフォルダ、 ファイル"
"H:\2024_CALL","NT AUTHORITY\Authenticated Users","変更","許可","True","このフォルダ、"
"H:\2024_CALL","NT AUTHORITY\Authenticated Users","変更","許可","True","サブフォルダ、 ファイル"
"H:\2024_CALL","BUILTIN\Users","読み取りと実行","許可","True","このフォルダ、"
"H:\2024_CALL","BUILTIN\Users","読み取りと実行","許可","True","サブフォルダ、 ファイル"
"H:\2025_CALL","BUILTIN\Administrators","フル コントロール","許可","True","このフォルダ、"
"H:\2025_CALL","BUILTIN\Administrators","フル コントロール","許可","True","サブフォルダ、 ファイル"
"H:\2025_CALL","NT AUTHORITY\SYSTEM","フル コントロール","許可","True","このフォルダ、"
"H:\2025_CALL","NT AUTHORITY\SYSTEM","フル コントロール","許可","True","サブフォルダ、 ファイル"
"H:\2025_CALL","NT AUTHORITY\Authenticated Users","変更","許可","True","このフォルダ、"
"H:\2025_CALL","NT AUTHORITY\Authenticated Users","変更","許可","True","サブフォルダ、 ファイル"
"H:\2025_CALL","BUILTIN\Users","読み取りと実行","許可","True","このフォルダ、"
"H:\2025_CALL","BUILTIN\Users","読み取りと実行","許可","True","サブフォルダ、 ファイル"
"H:\2026_CALL","BUILTIN\Administrators","フル コントロール","許可","True","このフォルダ、"
"H:\2026_CALL","BUILTIN\Administrators","フル コントロール","許可","True","サブフォルダ、 ファイル"
"H:\2026_CALL","NT AUTHORITY\SYSTEM","フル コントロール","許可","True","このフォルダ、"
"H:\2026_CALL","NT AUTHORITY\SYSTEM","フル コントロール","許可","True","サブフォルダ、 ファイル"
"H:\2026_CALL","NT AUTHORITY\Authenticated Users","変更","許可","True","このフォルダ、"
"H:\2026_CALL","NT AUTHORITY\Authenticated Users","変更","許可","True","サブフォルダ、 ファイル"
"H:\2026_CALL","BUILTIN\Users","読み取りと実行","許可","True","このフォルダ、"
"H:\2026_CALL","BUILTIN\Users","読み取りと実行","許可","True","サブフォルダ、 ファイル"
"H:\Aoi","BUILTIN\Administrators","フル コントロール","許可","True","このフォルダ、"
"H:\Aoi","BUILTIN\Administrators","フル コントロール","許可","True","サブフォルダ、 ファイル"
"H:\Aoi","NT AUTHORITY\SYSTEM","フル コントロール","許可","True","このフォルダ、"
"H:\Aoi","NT AUTHORITY\SYSTEM","フル コントロール","許可","True","サブフォルダ、 ファイル"
"H:\Aoi","NT AUTHORITY\Authenticated Users","変更","許可","True","このフォルダ、"
"H:\Aoi","NT AUTHORITY\Authenticated Users","変更","許可","True","サブフォルダ、 ファイル"
"H:\Aoi","BUILTIN\Users","読み取りと実行","許可","True","このフォルダ、"
"H:\Aoi","BUILTIN\Users","読み取りと実行","許可","True","サブフォルダ、 ファイル"
"H:\Driver","BUILTIN\Administrators","フル コントロール","許可","True","このフォルダ、"
"H:\Driver","BUILTIN\Administrators","フル コントロール","許可","True","サブフォルダ、 ファイル"
"H:\Driver","NT AUTHORITY\SYSTEM","フル コントロール","許可","True","このフォルダ、"
"H:\Driver","NT AUTHORITY\SYSTEM","フル コントロール","許可","True","サブフォルダ、 ファイル"
"H:\Driver","NT AUTHORITY\Authenticated Users","変更","許可","True","このフォルダ、"
"H:\Driver","NT AUTHORITY\Authenticated Users","変更","許可","True","サブフォルダ、 ファイル"
"H:\Driver","BUILTIN\Users","読み取りと実行","許可","True","このフォルダ、"
"H:\Driver","BUILTIN\Users","読み取りと実行","許可","True","サブフォルダ、 ファイル"
"H:\Edumall","BUILTIN\Administrators","フル コントロール","許可","True","このフォルダ、"
"H:\Edumall","BUILTIN\Administrators","フル コントロール","許可","True","サブフォルダ、 ファイル"
"H:\Edumall","NT AUTHORITY\SYSTEM","フル コントロール","許可","True","このフォルダ、"
"H:\Edumall","NT AUTHORITY\SYSTEM","フル コントロール","許可","True","サブフォルダ、 ファイル"
"H:\Edumall","NT AUTHORITY\Authenticated Users","変更","許可","True","このフォルダ、"
"H:\Edumall","NT AUTHORITY\Authenticated Users","変更","許可","True","サブフォルダ、 ファイル"
"H:\Edumall","BUILTIN\Users","読み取りと実行","許可","True","このフォルダ、"
"H:\Edumall","BUILTIN\Users","読み取りと実行","許可","True","サブフォルダ、 ファイル"
"H:\GODZILLA-KING_OF_THE_MONSTERS","BUILTIN\Administrators","フル コントロール","許可","True","このフォルダ、"
"H:\GODZILLA-KING_OF_THE_MONSTERS","BUILTIN\Administrators","フル コントロール","許可","True","サブフォルダ、 ファイル"
"H:\GODZILLA-KING_OF_THE_MONSTERS","NT AUTHORITY\SYSTEM","フル コントロール","許可","True","このフォルダ、"
"H:\GODZILLA-KING_OF_THE_MONSTERS","NT AUTHORITY\SYSTEM","フル コントロール","許可","True","サブフォルダ、 ファイル"
"H:\GODZILLA-KING_OF_THE_MONSTERS","NT AUTHORITY\Authenticated Users","変更","許可","True","このフォルダ、"
"H:\GODZILLA-KING_OF_THE_MONSTERS","NT AUTHORITY\Authenticated Users","変更","許可","True","サブフォルダ、 ファイル"
"H:\GODZILLA-KING_OF_THE_MONSTERS","BUILTIN\Users","読み取りと実行","許可","True","このフォルダ、"
"H:\GODZILLA-KING_OF_THE_MONSTERS","BUILTIN\Users","読み取りと実行","許可","True","サブフォルダ、 ファイル"
"H:\image","BUILTIN\Administrators","フル コントロール","許可","True","このフォルダ、"
"H:\image","BUILTIN\Administrators","フル コントロール","許可","True","サブフォルダ、 ファイル"
"H:\image","NT AUTHORITY\SYSTEM","フル コントロール","許可","True","このフォルダ、"
"H:\image","NT AUTHORITY\SYSTEM","フル コントロール","許可","True","サブフォルダ、 ファイル"
"H:\image","NT AUTHORITY\Authenticated Users","変更","許可","True","このフォルダ、"
"H:\image","NT AUTHORITY\Authenticated Users","変更","許可","True","サブフォルダ、 ファイル"
"H:\image","BUILTIN\Users","読み取りと実行","許可","True","このフォルダ、"
"H:\image","BUILTIN\Users","読み取りと実行","許可","True","サブフォルダ、 ファイル"
"H:\ISO","BUILTIN\Administrators","フル コントロール","許可","True","このフォルダ、"
"H:\ISO","BUILTIN\Administrators","フル コントロール","許可","True","サブフォルダ、 ファイル"
"H:\ISO","NT AUTHORITY\SYSTEM","フル コントロール","許可","True","このフォルダ、"
"H:\ISO","NT AUTHORITY\SYSTEM","フル コントロール","許可","True","サブフォルダ、 ファイル"
"H:\ISO","NT AUTHORITY\Authenticated Users","変更","許可","True","このフォルダ、"
"H:\ISO","NT AUTHORITY\Authenticated Users","変更","許可","True","サブフォルダ、 ファイル"
"H:\ISO","BUILTIN\Users","読み取りと実行","許可","True","このフォルダ、"
"H:\ISO","BUILTIN\Users","読み取りと実行","許可","True","サブフォルダ、 ファイル"
"H:\log","BUILTIN\Administrators","フル コントロール","許可","True","このフォルダ、"
"H:\log","BUILTIN\Administrators","フル コントロール","許可","True","サブフォルダ、 ファイル"
"H:\log","NT AUTHORITY\SYSTEM","フル コントロール","許可","True","このフォルダ、"
"H:\log","NT AUTHORITY\SYSTEM","フル コントロール","許可","True","サブフォルダ、 ファイル"
"H:\log","NT AUTHORITY\Authenticated Users","変更","許可","True","このフォルダ、"
"H:\log","NT AUTHORITY\Authenticated Users","変更","許可","True","サブフォルダ、 ファイル"
"H:\log","BUILTIN\Users","読み取りと実行","許可","True","このフォルダ、"
"H:\log","BUILTIN\Users","読み取りと実行","許可","True","サブフォルダ、 ファイル"
"H:\Ofc2019ProPlus","BUILTIN\Administrators","フル コントロール","許可","True","このフォルダ、"
"H:\Ofc2019ProPlus","BUILTIN\Administrators","フル コントロール","許可","True","サブフォルダ、 ファイル"
"H:\Ofc2019ProPlus","NT AUTHORITY\SYSTEM","フル コントロール","許可","True","このフォルダ、"
"H:\Ofc2019ProPlus","NT AUTHORITY\SYSTEM","フル コントロール","許可","True","サブフォルダ、 ファイル"
"H:\Ofc2019ProPlus","NT AUTHORITY\Authenticated Users","変更","許可","True","このフォルダ、"
"H:\Ofc2019ProPlus","NT AUTHORITY\Authenticated Users","変更","許可","True","サブフォルダ、 ファイル"
"H:\Ofc2019ProPlus","BUILTIN\Users","読み取りと実行","許可","True","このフォルダ、"
"H:\Ofc2019ProPlus","BUILTIN\Users","読み取りと実行","許可","True","サブフォルダ、 ファイル"
"H:\Offie2019","BUILTIN\Administrators","フル コントロール","許可","True","このフォルダ、"
"H:\Offie2019","BUILTIN\Administrators","フル コントロール","許可","True","サブフォルダ、 ファイル"
"H:\Offie2019","NT AUTHORITY\SYSTEM","フル コントロール","許可","True","このフォルダ、"
"H:\Offie2019","NT AUTHORITY\SYSTEM","フル コントロール","許可","True","サブフォルダ、 ファイル"
"H:\Offie2019","NT AUTHORITY\Authenticated Users","変更","許可","True","このフォルダ、"
"H:\Offie2019","NT AUTHORITY\Authenticated Users","変更","許可","True","サブフォルダ、 ファイル"
"H:\Offie2019","BUILTIN\Users","読み取りと実行","許可","True","このフォルダ、"
"H:\Offie2019","BUILTIN\Users","読み取りと実行","許可","True","サブフォルダ、 ファイル"
"H:\work","BUILTIN\Administrators","フル コントロール","許可","True","このフォルダ、"
"H:\work","BUILTIN\Administrators","フル コントロール","許可","True","サブフォルダ、 ファイル"
"H:\work","NT AUTHORITY\SYSTEM","フル コントロール","許可","True","このフォルダ、"
"H:\work","NT AUTHORITY\SYSTEM","フル コントロール","許可","True","サブフォルダ、 ファイル"
"H:\work","NT AUTHORITY\Authenticated Users","変更","許可","True","このフォルダ、"
"H:\work","NT AUTHORITY\Authenticated Users","変更","許可","True","サブフォルダ、 ファイル"
"H:\work","BUILTIN\Users","読み取りと実行","許可","True","このフォルダ、"
"H:\work","BUILTIN\Users","読み取りと実行","許可","True","サブフォルダ、 ファイル"
"H:\_iso","BUILTIN\Administrators","フル コントロール","許可","True","このフォルダ、"
"H:\_iso","BUILTIN\Administrators","フル コントロール","許可","True","サブフォルダ、 ファイル"
"H:\_iso","NT AUTHORITY\SYSTEM","フル コントロール","許可","True","このフォルダ、"
"H:\_iso","NT AUTHORITY\SYSTEM","フル コントロール","許可","True","サブフォルダ、 ファイル"
"H:\_iso","NT AUTHORITY\Authenticated Users","変更","許可","True","このフォルダ、"
"H:\_iso","NT AUTHORITY\Authenticated Users","変更","許可","True","サブフォルダ、 ファイル"
"H:\_iso","BUILTIN\Users","読み取りと実行","許可","True","このフォルダ、"
"H:\_iso","BUILTIN\Users","読み取りと実行","許可","True","サブフォルダ、 ファイル"
"H:\ジブリ","BUILTIN\Administrators","フル コントロール","許可","True","このフォルダ、"
"H:\ジブリ","BUILTIN\Administrators","フル コントロール","許可","True","サブフォルダ、 ファイル"
"H:\ジブリ","NT AUTHORITY\SYSTEM","フル コントロール","許可","True","このフォルダ、"
"H:\ジブリ","NT AUTHORITY\SYSTEM","フル コントロール","許可","True","サブフォルダ、 ファイル"
"H:\ジブリ","NT AUTHORITY\Authenticated Users","変更","許可","True","このフォルダ、"
"H:\ジブリ","NT AUTHORITY\Authenticated Users","変更","許可","True","サブフォルダ、 ファイル"
"H:\ジブリ","BUILTIN\Users","読み取りと実行","許可","True","このフォルダ、"
"H:\ジブリ","BUILTIN\Users","読み取りと実行","許可","True","サブフォルダ、 ファイル"
"H:\チェックシート","BUILTIN\Administrators","フル コントロール","許可","True","このフォルダ、"
"H:\チェックシート","BUILTIN\Administrators","フル コントロール","許可","True","サブフォルダ、 ファイル"
"H:\チェックシート","NT AUTHORITY\SYSTEM","フル コントロール","許可","True","このフォルダ、"
"H:\チェックシート","NT AUTHORITY\SYSTEM","フル コントロール","許可","True","サブフォルダ、 ファイル"
"H:\チェックシート","NT AUTHORITY\Authenticated Users","変更","許可","True","このフォルダ、"
"H:\チェックシート","NT AUTHORITY\Authenticated Users","変更","許可","True","サブフォルダ、 ファイル"
"H:\チェックシート","BUILTIN\Users","読み取りと実行","許可","True","このフォルダ、"
"H:\チェックシート","BUILTIN\Users","読み取りと実行","許可","True","サブフォルダ、 ファイル"
