"DisplayName","StartMode","StartName","Description"
"Adobe Acrobat Update Service","Auto","LocalSystem","Adobe Acrobat Updater keeps your Adobe software up to date."
"AdobeUpdateService","Auto","LocalSystem",
"集計データ プラットフォーム サービス","Manual","NT AUTHORITY\LocalService","このサービスは、集計データ プラットフォームのシナリオに使用されます。"
"Application Layer Gateway Service","Manual","NT AUTHORITY\LocalService","インターネット接続共有に使用する、サード パーティのプロトコル プラグイン用のサポートを提供します。"
"Application Identity","Manual","NT Authority\LocalService","アプリケーションの ID を判定および検証します。このサービスを無効にすると、AppLocker が適用されなくなります。"
"Application Information","Manual","LocalSystem","追加の管理者特権による対話型アプリケーションの実行を容易にします。このサービスが停止されると、ユーザー タスクの実行に必要となる可能性のある追加の管理者特権でアプリケーションを起動することはできません。"
"Application Management","Manual","LocalSystem","グループ ポリシーで展開されるソフトウェアに対する、プロセスのインストール、削除および列挙の要求です。サービスが無効な場合、ユーザーはグループ ポリシーで展開されるソフトウェアをインストール、削除または列挙することができません。また、明示的にこのサービスに依存しているサービスを開始することもできません。"
"App Readiness","Manual","LocalSystem","ユーザーがこの PC に初めてサインインしたときや新しいアプリを追加したときにアプリを使用できるよう準備します。"
"Microsoft App-V Client","Disabled","LocalSystem","Manages App-V users and virtual applications"
"AppX Deployment Service (AppXSVC)","Auto","LocalSystem","Microsoft Store アプリケーションを展開するためのインフラストラクチャ サポートを提供します。このサービスはオンデマンドで開始されます。無効にすると、Microsoft Store アプリケーションはシステムに展開されなくなり、正しく動作しない可能性があります。"
"Windows 仮想オーディオ デバイス プロキシ サービス","Manual","NT AUTHORITY\LocalService","Windows ベースのプログラムの仮想オーディオ デバイスを管理します。 このサービスが停止している場合、仮想オーディオ デバイスは正しく機能しません。 このサービスを無効にすると、このサービスに明示的に依存しているサービスは開始できなくなります"
"AssignedAccessManager サービス","Manual","LocalSystem","AssignedAccessManager サービスは、Windows でのキオスク エクスペリエンスをサポートします。"
"Windows Audio Endpoint Builder","Auto","LocalSystem","Windows Audio サービスのオーディオ デバイスを管理します。このサービスが停止している場合、オーディオ デバイスと効果は適切に機能しません。このサービスが無効な場合、このサービスに明示的に依存しているすべてのサービスは開始できなくなります。"
"Windows Audio","Auto","NT AUTHORITY\LocalService","Windows ベースのプログラムのオーディオを管理します。サービスが停止されると、オーディオ デバイスと効果は適切に機能しません。このサービスが無効にされると、これに明示的に依存するサービスは起動できなくなります"
"携帯電話の時間","Manual","NT AUTHORITY\LocalService","このサービスは、モバイル ネットワークから取得した NITZ メッセージに基づいて時刻を設定します"
"ActiveX Installer (AxInstSV)","Manual","LocalSystem","インターネットからの ActiveX コントロールのインストールに対し、ユーザー アカウント制御により検証を行い、グループ ポリシー設定に基づいて ActiveX コントロールのインストールを管理します。このサービスはオンデマンドで開始され、無効になっている場合、ActiveX コントロールのインストールはブラウザーの既定の設定に従って行われます。"
"BitLocker Drive Encryption Service","Manual","localSystem","BDESVC は、BitLocker ドライブ暗号化サービスをホストします。BitLocker ドライブ暗号化では、オペレーティング システムの安全なスタートアップ、および OS のボリューム、固定ボリューム、またはリムーバブル ボリュームの完全な暗号化を行うことができます。このサービスを使用すると、ボリュームのマウント時に BitLocker でボリュームに関連するさまざまなアクションのメッセージをユーザーに対して表示したり、ユーザーに確認せずにボリュームのロックを自動的に解除したりできます。また、回復情報が存在する場合は、Active Directory に保存します。さらに、必要に応じて、最新の回復証明書を使用します。サービスを停止または無効にすると、ユーザーはこの機能を利用できなくなります。"
"Base Filtering Engine","Auto","NT AUTHORITY\LocalService","ベース フィルター エンジン (BFE) は、ファイアウォールとインターネット プロトコル セキュリティ (IPsec) ポリシーを管理し、ユーザー モード フィルターリングを実装するサービスです。BFE サービスを停止または無効にすると、システムのセキュリティが大幅に低下すると共に、IPsec 管理とファイアウォール アプリケーションの予測不能な動作の原因となります。"
"Background Intelligent Transfer Service","Auto","LocalSystem","アイドル状態のネットワーク帯域幅を使ってバックグラウンドでファイルを転送します。サービスを使用不可にすると、Windows Update や MSN Explorer など、BITS に依存しているアプリケーションはプログラムや情報を自動的にダウンロードできなくなります。"
"Background Tasks Infrastructure Service","Auto","LocalSystem","システム上で実行可能なバックグラウンド タスクを制御する Windows インフラストラクチャ サービス。"
"Bluetooth オーディオ ゲートウェイ サービス","Manual","NT AUTHORITY\LocalService","Bluetooth ハンズフリー プロファイルのオーディオ ゲートウェイの役割をサポートするサービスです。"
"AVCTP サービス","Manual","NT AUTHORITY\LocalService","オーディオ/ビデオ制御トランスポート プロトコル サービスです"
"Bluetooth サポート サービス","Manual","NT AUTHORITY\LocalService","Bluetooth サービスは、リモートの Bluetooth デバイスの検出と関連付けをサポートします。このサービスを停止または無効にすると、インストール済み Bluetooth デバイスが正常に動作しなくなり、新しいデバイスの検出や関連付けができなくなる可能性があります。"
"Syunkai Client","Auto","LocalSystem","Syunkai Client"
"Syunkai Monitoring Service","Auto","LocalSystem","Syunkai Monitoring Service"
"Syunkai Service Watch Service","Auto","LocalSystem","Syunkai Service Watch Service"
"機能アクセス マネージャー サービス","Auto","LocalSystem","アプリ機能への UWP アプリのアクセスを管理し、特定のアプリ機能へのアプリのアクセス権をチェックするサービスです"
"Connected Devices Platform Service","Auto","NT AUTHORITY\LocalService","このサービスは、Connected Devices Platform のシナリオに使用されます"
"Certificate Propagation","Manual","LocalSystem","ユーザー証明書とルート証明書をスマート カードから現在のユーザーの証明書ストアにコピーし、スマート カードがスマート カード リーダーに挿入されたときに検出します。また、必要に応じてスマート カード プラグ アンド プレイ ミニドライバーをインストールします。"
"Microsoft Office Click-to-Run Service","Auto","LocalSystem","?リソースの調整、バックグラウンド ストリーミング、Microsoft 365および Office 製品のシステム統合、および関連する更新プログラムを管理します。このサービスは、Microsoft 365プログラムおよび Office プログラムの使用中、最初のストリーミング インストールおよびそれ以降のすべての更新プログラムの実行中に実行する必要があります。?"
"Client License Service (ClipSVC)","Manual","LocalSystem","Microsoft Store のためのインフラストラクチャ サポートを提供します。このサービスはオンデマンドで開始され、無効にすると、Microsoft Store を使用して購入したアプリケーションが正しく動作しなくなります。"
"Microsoft Cloud ID サービス","Manual","NT AUTHORITY\NetworkService","Microsoft クラウド ID サービスとの統合をサポートします。無効にすると、テナント制限が適切に適用されません。"
"COM+ System Application","Manual","LocalSystem","コンポーネント オブジェクト モデル (COM)+ ベース コンポーネントの構成と追跡を管理します。サービスが停止すると、COM+ ベース コンポーネントは正しく機能しません。サービスが無効になると、このサービスに依存するサービスは開始できなくなります。"
"CoreMessaging","Auto","NT AUTHORITY\LocalService","Manages communication between system components."
"Intel(R) Content Protection HDCP Service","Auto","LocalSystem","Intel(R) Content Protection HDCP Service - enables communication with Content Protection HDCP HW"
"Cryptographic Services","Auto","NT Authority\NetworkService","提供される管理サービスは、次の 3 つです。カタログ データベース サービス: Windows ファイルの署名を確認し、新しいプログラムをインストールできるようにします。保護ルート サービス: 信頼されたルート証明機関の証明書をこのコンピューターに追加および削除します。ルート証明書自動更新サービス: Windows Update からルート証明書を取得し、SSL のようなシナリオを有効にします。このサービスが停止している場合は、これらの管理サービスは正常に機能しません。このサービスが無効の場合は、明示的にこれに依存しているサービスは開始できません。"
"Offline Files","Manual","LocalSystem","オフライン ファイル サービスは、オフライン ファイル キャッシュのメンテナンス活動の実行、ユーザーのログオンおよびログオフ イベントへの応答、パブリック API の内部の実装、およびオフライン ファイル活動やキャッシュ状態の変化に興味を持つユーザーに対する興味深いイベントのディスパッチを行います。"
"DCOM Server Process Launcher","Auto","LocalSystem","DCOMLAUNCH サービスは、オブジェクト アクティブ化要求に応答して、COM および DCOM サーバーを起動します。このサービスが停止しているか無効になっている場合、COM または DCOM を使用するプログラムは正常に機能しません。DCOMLAUNCH サービスを実行しておくことを推奨します。"
"Syunkai-Remote Client Base Module","Auto","LocalSystem","Systemwalker Desktop Restore"
"宣言済み構成 (DC) サービス","Manual","LocalSystem","MDM やその他のチャネルで受け取った宣言済み構成ドキュメントを処理し、デバイスで構成を実行します"
"Optimize drives","Manual","localSystem","記憶域ドライブのファイルを最適化すると、コンピューターがより効率的に動作します。"
"Device Association Service","Manual","LocalSystem","システムとワイヤード (有線) またはワイヤレス デバイスの間のペアリングを有効にします。"
"Device Install Service","Manual","LocalSystem","ユーザーからの最小限の入力、または入力なしで、コンピューターがハードウェアの変更を認識し、対応します。"
"DevQuery Background Discovery Broker","Manual","LocalSystem","アプリによるバックグラウンド タスクを使用したデバイス検出を可能にします"
"DHCP Client","Auto","NT Authority\LocalService","このコンピューターの IP アドレスと DNS レコードを登録および更新します。このサービスが停止している場合、このコンピューターは動的 IP アドレスと DNS 更新情報を受信できなくなります。このサービスが無効になっている場合、このサービスに明示的に依存するサービスはすべて起動しなくなります。"
"Diagnostic Execution Service","Manual","LocalSystem","Executes diagnostic actions for troubleshooting support"
"Connected User Experiences and Telemetry","Auto","LocalSystem","Connected User Experiences and Telemetry サービスを使用すると、アプリケーション内エクスペリエンスと接続ユーザーのエクスペリエンスをサポートする機能が有効になります。また、[フィードバックと診断] で診断と使用状況に関するプライバシー オプション設定が有効になっている場合、このサービスは、イベント ドリブン方式による診断情報および使用状況情報の収集と送信も管理します (これらの情報は、Windows プラットフォームのエクスペリエンスと品質を向上するために使用されます)。"
"DialogBlockingService","Disabled","LocalSystem","ダイアログをブロックするサービス"
"ポリシー サービスの表示","Auto","NT AUTHORITY\LocalService","ローカルおよびリモート ディスプレイの接続と構成を管理します"
"ディスプレイ拡張サービス","Manual","LocalSystem","輝度制御などのディスプレイ拡張を管理するためのサービス。"
"デバイス管理登録サービス","Manual","LocalSystem","デバイス管理へのデバイス登録アクティビティを行います"
"デバイス管理ワイヤレス アプリケーション プロトコル (WAP) プッシュ メッセージ ルーティング サービス","Manual","LocalSystem","デバイスが受信したワイヤレス アプリケーション プロトコル (WAP) プッシュ メッセージをルーティングし、デバイス管理セッションを同期します。"
"DNS Client","Auto","NT AUTHORITY\NetworkService","DNS クライアント サービス (dnscache) は、ドメイン ネーム システム (DNS) クエリを送信し、クエリ結果をキャッシュし、コンピューターのフル ネームをネットワークに登録します。このサービスは停止できません。"
"Delivery Optimization","Auto","NT Authority\NetworkService","コンテンツ配信の最適化タスクを実行します"
"Wired AutoConfig","Manual","localSystem","Wired AutoConfig (DOT3SVC) サービスは、イーサネット インターフェイスに対して IEEE 802.1X 認証を実行します。現在のワイヤード ネットワーク展開が 802.1X 認証を強制する場合、DOT3SVC サービスは、レイヤー 2 接続の確立とネットワーク リソースへのアクセスの提供を行うように構成されています。802.1X 認証を強制しないワイヤード ネットワークには、DOT3SVC サービスによる影響はありません。"
"Diagnostic Policy Service","Auto","NT AUTHORITY\LocalService","診断ポリシー サービスを使用すると、Windows コンポーネントの問題を検出、トラブルシューティング、および解決できます。このサービスを停止すると、診断は実行されません。"
"Intel(R) Dynamic Tuning Technology Telemetry Service","Auto","NT Authority\LocalService","Intel(R) Dynamic Tuning Technology Telemetry Service"
"Device Setup Manager","Manual","LocalSystem","デバイスに関連するソフトウェアの検出、ダウンロード、およびインストールを有効にします。このサービスが無効になっている場合、デバイスが古いソフトウェアで構成され、正常に動作しない可能性があります。"
"Data Sharing Service","Manual","LocalSystem","アプリケーション間でデータのやり取りを処理します。"
"データ使用状況","Auto","NT Authority\LocalService","ネットワーク データ使用状況、データ通信量の上限、バックグラウンド データの制限、従量制課金ネットワーク。"
"Extensible Authentication Protocol","Manual","localSystem","拡張認証プロトコル (EAP) サービスは 802.1x ワイヤードおよびワイヤレス、VPN、ネットワーク アクセス保護 (NAP) のようなシナリオでネットワーク認証を提供します。EAP は、認証プロセス中にワイヤレスおよび VPN クライアントなどのネットワーク アクセス クライアントで使用されるアプリケーション プログラミング インターフェイス (API) も提供します。このサービスを無効にすると、このコンピューターは EAP 認証を必要とするネットワークにアクセスできません。"
"Microsoft Edge Update Service (edgeupdate)","Auto","LocalSystem","Microsoft ソフトウェアを最新の状態に維持してください。このサービスが無効または停止されている場合、Microsoft ソフトウェアは最新の状態に維持されません。この場合、セキュリティの脆弱性が発生する可能性があり、こうした脆弱性は解決することができません。また、機能が動作しなくなる場合もあります。このサービスでは、サービスを使用している Microsoft ソフトウェアがない場合は、サービス自体がアンインストールされます。"
"Microsoft Edge Update Service (edgeupdatem)","Manual","LocalSystem","Microsoft ソフトウェアを最新の状態に維持してください。このサービスが無効または停止されている場合、Microsoft ソフトウェアは最新の状態に維持されません。この場合、セキュリティの脆弱性が発生する可能性があり、こうした脆弱性は解決することができません。また、機能が動作しなくなる場合もあります。このサービスでは、サービスを使用している Microsoft ソフトウェアがない場合は、サービス自体がアンインストールされます。"
"Encrypting File System (EFS)","Manual","LocalSystem","暗号化されたファイルを NTFS ファイル システム ボリュームに格納するために使用されるファイル暗号化のコア テクノロジを提供します。このサービスが停止されている場合や無効な場合は、アプリケーションから暗号化されたファイルにアクセスできません。"
"埋め込みモード","Manual","LocalSystem","埋め込みモード サービスでは、バックグラウンド アプリケーションに関連するシナリオを使用できます。このサービスを無効にすると、バックグラウンド アプリケーションがアクティブになりません。"
"Enterprise App Management Service","Manual","LocalSystem","エンタープライズ アプリケーション管理機能を有効にします。"
"Epson Scanner Service","Auto","LocalSystem",
"Windows Event Log","Auto","NT AUTHORITY\LocalService","このサービスでは、イベントとイベント ログを管理します。イベントのログ、イベントの照会、イベントの受信登録、イベント ログのアーカイブ、およびイベント メタデータの管理をサポートしています。イベントは XML 形式およびテキスト形式で表示できます。このサービスを停止すると、システムのセキュリティと信頼性に危害が加えられる可能性があります。"
"COM+ Event System","Auto","NT AUTHORITY\LocalService","サポート システム イベント通知サービス (SENS) は、イベント通知先として登録された COM コンポーネントにイベントを自動的に通知します。サービスが停止すると、SENS は終了し、ログオンやログオフを通知できなくなります。このサービスが無効な場合、このサービスに依存するサービスは開始できません。"
"Function Discovery Provider Host","Manual","NT AUTHORITY\LocalService","FDPHOST サービスは、機能探索 (FD) ネットワーク探索プロバイダーをホストします。これらの FD プロバイダーは、SSDP (Simple Services Discovery Protocol) および WS-D (Web Services ? Discovery) プロトコルにネットワーク探索サービスを提供します。FDPHOST サービスを停止または無効にすると、FD を使用する場合にこれらのプロトコルでネットワーク探索が機能しなくなります。このサービスを利用できない場合、FD を使用し、SSDP および WS-D の探索プロトコルに依存するネットワーク サービスは、ネットワーク デバイスやリソースを発見できなくなります。"
"Function Discovery Resource Publication","Manual","NT AUTHORITY\LocalService","このコンピューターおよびこのコンピューターに接続されているリソースを公開して、ネットワーク上で検出できるようにします。このサービスを停止するとネットワーク リソースは公開されなくなり、ネットワーク上の他のコンピューターがこれらのリソースを検出されなくなります。"
"File History Service","Manual","LocalSystem","ユーザー ファイルをバックアップ場所にコピーして不慮の損失から保護します"
"FileSyncHelper","Manual","LocalSystem","Helper service for OneDrive"
"Windows Font Cache Service","Auto","NT AUTHORITY\LocalService","共通で使用されるフォント データをキャッシュすることによって、アプリケーションのパフォーマンスを最適化します。このサービスがまだ実行されていない場合は、アプリケーションによって起動されます。このサービスは無効にできますが、無効にすると、アプリケーションのパフォーマンスが低下します。"
"Windows カメラ フレーム サーバー","Manual","NT AUTHORITY\LocalService","複数のクライアントがカメラ デバイスからビデオ フレームにアクセスできるようにします。"
"Windows カメラ フレーム サーバー モニター","Manual","LocalSystem","Windows カメラフレームサーバーサービスの正常性と状態を監視します。"
"GameInput Service","Manual","LocalSystem","Enables keyboards, mice, gamepads, and other input devices to be used with the GameInput API."
"Google Chrome Elevation Service (GoogleChromeElevationService)","Manual","LocalSystem","暗号化サービスと、Google Chrome が最新の状態でなくなった場合に安全に復元する方法を提供します。このサービスを無効にすると、 は暗号化されたデータにアクセスできなくなり、 が自動で復元できなくなる可能性があります。"
"Google Updater 内部サービス (GoogleUpdaterInternalService148.0.7730.0)","Auto","LocalSystem","Google ソフトウェアを最新の状態に保ちます。このサービスを無効にしたり停止したりすると、Google ソフトウェアが最新の状態に保たれなくなります。その結果、セキュリティ上の脆弱性が見つかっても修正できず、機能が動作しなくなる可能性があります。このサービスを使用する Google ソフトウェアがなくなると、このサービスは自動的にアンインストールされます。"
"Google Updater サービス (GoogleUpdaterService148.0.7730.0)","Auto","LocalSystem","Google ソフトウェアを最新の状態に保ちます。このサービスを無効にしたり停止したりすると、Google ソフトウェアが最新の状態に保たれなくなります。その結果、セキュリティ上の脆弱性が見つかっても修正できず、機能が動作しなくなる可能性があります。このサービスを使用する Google ソフトウェアがなくなると、このサービスは自動的にアンインストールされます。"
"Group Policy Client","Auto","LocalSystem","管理者が構成したコンピューターやユーザーの設定をグループ ポリシーのコンポーネントにより適用します。サービスが無効な場合、設定は適用されず、アプリケーションとコンポーネントはグループ ポリシーによって管理されません。サービスが無効な場合、グループ ポリシーのコンポーネントに依存しているコンポーネントやアプリケーションはいずれも正しく機能しない可能性があります。"
"GraphicsPerfSvc","Manual","LocalSystem","Graphics performance monitor service"
"Human Interface Device Service","Manual","LocalSystem","キーボード、リモコン、およびその他のマルチメディア デバイスに搭載されているホット ボタンの使用を有効にして維持します。このサービスは実行しておくことをお勧めします。"
"Hotpatch Monitoring Service","Manual","LocalSystem","Monitors Hotpatch ETW Trace providers and reports failures."
"HV ホスト サービス","Manual","LocalSystem","ホスト オペレーティング システムにパーティションごとのパフォーマンス カウンターを提供するための Hyper-V ハイパーバイザーのインターフェイスを提供します。"
"Windows モバイル ホットスポット サービス","Manual","NT Authority\LocalService","携帯データ接続を別のデバイスと共有する機能を提供します。"
"IKE and AuthIP IPsec Keying Modules","Auto","LocalSystem","IKEEXT サービスは、インターネット キー交換 (IKE) および認証済みインターネット プロトコル (AuthIP) のキー モジュールをホストします。これらのキー モジュールは、IP セキュリティ (IPsec) で認証とキー交換のために使用されます。IKEEXT サービスを停止または無効にすると、ピア コンピューターとの IKE および AuthIP キー交換を実行できなくなります。一般に IPsec は IKE または AuthIP を使用するように構成されているため、IKEEXT サービスを停止または無効にすると、IPsec が正常に機能しなくなり、システムのセキュリティが損なわれます。IKEEXT サービスを実行することを強くお勧めします。"
"Microsoft Store インストール サービス","Manual","LocalSystem","Microsoft Store のインフラストラクチャ サポートを提供します。このサービスはオンデマンドで開始されます。無効にすると、インストールは正しく動作しなくなります。"
"Intel(R) Audio Service","Auto","LocalSystem",
"IntelR Graphics Software","Auto","LocalSystem","IntelR Graphics Software"
"インベントリと互換性の評価サービス","Auto","LocalSystem","このサービスは、多数のシステム コンポーネントで使用されるバックグラウンド システムのインベントリ、互換性の評価、メンテナンスを実行します。"
"Intel(R) Innovation Platform Framework Service","Auto","LocalSystem","Intel(R) Innovation Platform Framework Service"
"IP Helper","Auto","LocalSystem","接続プラットフォームを使用した IPv6 移行テクノロジ (6to4、ISATAP、ポート プロキシおよび Teredo)、および IP-HTTPS を提供します。このサービスが停止すると、コンピューターではこれらのテクノロジが提供する強化された接続の利点が得られなくなります。"
"IP 変換構成サービス","Manual","LocalSystem","v4 と v6 の間の変換を構成して有効にします"
"Intel(R) Dynamic Application Loader Host Interface Service","Auto","LocalSystem","Intel(R) Dynamic Application Loader Host Interface Service - Allows applications to access the local Intel (R) DAL"
"CNG Key Isolation","Manual","LocalSystem","CNG キー分離サービスは、LSA プロセスでホストされています。このサービスは、Common Criteria による要求に従って秘密キーおよび関連の暗号化操作に対してキー プロセス分離を提供します。このサービスは、寿命の長いキーを Common Criteria の要件に準拠した安全なプロセスに格納して使用します。"
"KtmRm for Distributed Transaction Coordinator","Manual","NT AUTHORITY\NetworkService","分散トランザクション コーディネーター (MSDTC) とカーネル トランザクション マネージャー (KTM) 間のトランザクションを調整します。不要の場合は、このサービスを停止したままの状態にしておくことをお勧めします。必要な場合は、MSDTC と KTM の両方で、このサービスは自動的に開始されます。このサービスが無効になっている場合、カーネル リソース マネージャーと対話している MSDTC トランザクションは失敗し、このトランザクションに明示的に依存しているすべてのサービスが開始できません。"
"Server","Auto","LocalSystem","このコンピューターでネットワークをとおしてのファイル、印刷、および名前付パイプ共有をサポートします。このサービスが停止した場合、これらの機能は利用できなくなります。このサービスが使用不可にされた場合、このサービスに明示的に依存するサービスはすべて起動できなくなります。"
"Workstation","Auto","NT AUTHORITY\NetworkService","SMB プロトコルを使ってリモート サーバーへのクライアント ネットワーク接続を作成し、維持します。このサービスが停止している場合は、これらの接続は利用できなくなります。このサービスが無効になっている場合は、このサービスに明示的に依存するサービスは何も開始できなくなります。"
"Geolocation Service","Manual","LocalSystem","このサービスは、システムの現在の位置を監視し、ジオフェンス (イベントが関連付けられた地理的位置) を管理します。このサービスを無効にすると、アプリケーションでジオフェンスの通知を利用したり受信したりすることができなくなります。"
"Windows ライセンス マネージャー サービス","Manual","NT Authority\LocalService","Microsoft Store のインフラストラクチャ サポートを提供します。このサービスはオンデマンドで開始されます。無効にすると、Microsoft Store を通じて取得されるコンテンツは正しく動作しなくなります。"
"Link-Layer Topology Discovery Mapper","Manual","NT AUTHORITY\LocalService","PC とデバイスの図 (接続) 情報、および各 PC とデバイスを記述するメタデータから成るネットワーク マップを作成します。サービスを無効にすると、ネットワーク マップは正しく作動しません。"
"TCP/IP NetBIOS Helper","Manual","NT AUTHORITY\LocalService","ネットワーク上のクライアントに対して、NetBIOS over TCP/IP (NetBT) サービスと NetBIOS 名前解決のサポートを提供することで、ユーザーがファイル共有、印刷、およびネットワークへのログオンをできるようにします。このサービスが停止された場合は、これらの機能を使用できなくなる可能性があります。このサービスが無効になっている場合は、このサービスに明示的に依存しているすべてのサービスは開始できなくなります。"
"Kerberos ローカル キー配布センター","Manual","LocalSystem","このサービスを使用すると、ユーザーは Kerberos 認証プロトコルを使用してローカル コンピューターにログオンできます。このサービスが停止すると、ユーザーはローカル コンピューターにログオンできなくなります。このサービスを無効にすると、このサービスに明示的に依存しているサービスは開始できなくなります。"
"Local Session Manager","Auto","LocalSystem","ローカル ユーザー セッションを管理するコア Windows サービスです。このサービスを停止したり無効にしたりすると、システムが不安定になります。"
"言語エクスペリエンス サービス","Manual","LocalSystem","ローカライズされた Windows リソースを展開および構成するためのインフラストラクチャ サポートを提供します。このサービスはオンデマンドで開始され、無効にすると、追加の Windows 言語はシステムに展開されず、Windows が正しく機能しない可能性があります。"
"Downloaded Maps Manager","Auto","NT AUTHORITY\NetworkService","ダウンロード済みの地図へのアプリケーション アクセスを提供する Windows サービスです。このサービスは、ダウンロード済みの地図にアクセスするアプリケーションによってオンデマンドで開始されます。このサービスを無効にすると、アプリケーションから地図にアクセスできなくなります。"
"モバイル接続管理サービス","Manual","NT SERVICE\McmSvc","このサービスは、モバイル接続モジュールのプロファイル管理を提供します"
"McpManagementService","Manual","LocalSystem","ユニバーサル印刷管理サービス"
"Microsoft Defender Core Service","Manual","LocalSystem","さまざまなセキュリティ コンポーネントの可用性、正常性、パフォーマンスを監視します"
"Microsoft Edge Elevation Service (MicrosoftEdgeElevationService)","Manual","LocalSystem","Microsoft Edge に対して昇格された特権を付与します。"
"Windows MIDI サービス","Manual","NT AUTHORITY\LocalService","MIDI 1.0 および MIDI 2.0 メッセージ ルーティングとデバイス列挙の Windows MIDI サービス コア サービス"
"Windows Defender Firewall","Auto","NT Authority\LocalService","Windows Defender ファイアウォールは、承認されていないユーザーによるインターネットまたはネットワーク経由のアクセスを阻止することにより、コンピューターの保護に役立ちます。"
"Distributed Transaction Coordinator","Manual","NT AUTHORITY\NetworkService","データベース、メッセージ キュー、またはファイル システムなど、複数のリソース マネージャーに分散されたトランザクションを調整します。このサービスが停止すると、これらのトランザクションは開始できません。このサービスが無効な場合は、このサービスに依存するサービスは開始できません。"
"Microsoft iSCSI Initiator Service","Manual","LocalSystem","このコンピューターからリモート iSCSI ターゲット デバイスへのインターネット SCSI (iSCSI) セッションを管理します。このサービスが中止された場合、このコンピューターは ISCSI ターゲットにログインまたはアクセスできなくなります。このサービスが無効にされている場合、明示的にそれに依存しているすべてのサービスの開始が失敗します。"
"Windows Installer","Manual","LocalSystem","Windows インストーラー (*.msi、*.msp) パッケージとして提供されたアプリケーションを追加、修正、および削除します。このサービスが使用不可になっている場合、このサービスに明示的に依存しているサービスの開始は失敗します。"
"Microsoft キーボード フィルター","Disabled","LocalSystem","キーボード操作のフィルター処理とマッピングを制御します"
"自然認証","Manual","LocalSystem","時間、ネットワーク、地理位置情報、Bluetooth、cdf 要素を基にシグナルを評価するシグナル アグリゲーター サービス。サポートされる機能は、デバイスのロック解除、動的ロック、動的 MDM ポリシーです。"
"Network Connectivity Assistant","Manual","LocalSystem","UI コンポーネントに DirectAccess の状態通知を提供します"
"Network Connection Broker","Manual","LocalSystem","パッケージ済み Microsoft Store アプリがインターネットから通知を受信できるようにするブローカー接続。"
"Network Connected Devices Auto-Setup","Manual","NT AUTHORITY\LocalService","ネットワーク接続デバイス自動セットアップ サービスは、対象となるネットワークに接続される対象のデバイスを監視してインストールします。このサービスを停止するか無効にすると、対象となるネットワーク接続デバイスの検出とインストールが自動で行われなくなります。ただし、ユーザー インターフェイスを使用して、ネットワーク接続デバイスを PC に手動で接続できます。"
"Netlogon","Auto","LocalSystem","ユーザーとサービスを認証するため、このコンピューターとドメイン コントローラー間でセキュリティで保護されたチャネルを管理します。このサービスが停止した場合、コンピューターはユーザーとサービスを認証できなくなる可能性があり、ドメイン コントローラーは DNS レコードを登録できません。このサービスが無効になった場合、このサービスに明示的に依存するサービスはすべて起動しなくなります。"
"Network Connections","Manual","LocalSystem","ネットワークとダイヤルアップ接続フォルダーにあるオブジェクトを管理します。ローカル エリア ネットワークとリモート接続の両方がフォルダーで表示されます。"
"Network List Service","Manual","NT AUTHORITY\NetworkService","コンピューターが接続しているネットワークの識別、ネットワークのプロパティの収集と保存、プロパティが変更されたときのアプリケーションへの通知を行います。"
"Network Setup Service","Manual","LocalSystem","Network Setup Service は、ネットワーク ドライバーのインストールを管理し、低レベルのネットワーク設定の構成を許可します。このサービスが停止すると、処理中のドライバー インストールがすべて取り消される場合があります。"
"Net.Tcp Port Sharing Service","Disabled","NT AUTHORITY\LocalService","net.tcp プロトコル経由で TCP ポートを共有する機能を提供します。"
"Microsoft Passport Container","Manual","NT AUTHORITY\LocalService","ID プロバイダーおよび TPM 仮想スマート カードに対してユーザーを認証するために使用されるローカル ユーザー ID キーを管理します。このサービスを無効にすると、ローカル ユーザー ID キーと TPM 仮想スマート カードにアクセスできなくなります。このサービスを再構成しないことをお勧めします。"
"Microsoft Passport","Manual","LocalSystem","ユーザーに関連付けられた ID プロバイダーへの認証に使用される暗号化キーの処理を分離します。このサービスを無効にすると、これらのキーを使用したり管理したりすることは一切できなくなります。これには、コンピューターへのログオンと、アプリや Web サイトへのシングル サインオンも含まれます。このサービスは自動的に開始および停止されます。このサービスは再構成しないことをお勧めします。"
"ネットワークの場所の認識","Manual","NT AUTHORITY\NetworkService","ネットワークの構成情報を収集および保存して、この情報が変更されたときにプログラムに通知します。このサービスが停止された場合は、構成情報を使用できなくなる可能性があります。このサービスが無効になっている場合は、このサービスに明示的に依存しているすべてのサービスは開始できなくなります。"
"Network Store Interface Service","Auto","NT Authority\LocalService","このサービスは、ネットワーク通知 (インターフェイスの追加や削除など) をユーザー モード クライアントに配信します。このサービスを停止すると、ネットワーク接続が失われます。このサービスが無効になっている場合は、このサービスに明示的に依存している他のすべてのサービスは開始できなくなります。"
"Apex One NT RealTime Scan","Auto","LocalSystem","Trend Micro Apex Oneセキュリティエージェントでリアルタイム検索、予約検索、および手動検索を実行します。"
"OneDrive Updater Service","Manual","LocalSystem","Keeps your OneDrive up to date."
"Program Compatibility Assistant Service","Auto","LocalSystem","このサービスは、プログラム互換性アシスタント (PCA) のサポートを提供します。PCA は、インストールされてユーザーによって実行されるプログラムを監視し、既知の互換性の問題を検出します。このサービスが停止すると、PCA は正しく機能しません。"
"BranchCache","Manual","NT AUTHORITY\NetworkService","このサービスでは、ローカル サブネット上のピアからのネットワーク コンテンツがキャッシュされます。"
"Windows 認識シミュレーション サービス","Manual","LocalSystem","空間知覚シミュレーション、仮想カメラ管理、空間入力シミュレーションを有効にします。"
"Performance Counter DLL Host","Manual","NT AUTHORITY\LocalService","リモート ユーザーおよび 64 ビット プロセスから、32 ビット DLL が提供するパフォーマンス カウンターを照会できるようにします。このサービスが停止している場合、ローカル ユーザーと 32 ビット プロセスだけが 32 ビット DLLが提供するパフォーマンス カウンターを照会できます。"
"Phone Service","Manual","NT Authority\LocalService","デバイスのテレフォニー状態を管理します"
"Performance Logs & Alerts","Manual","NT AUTHORITY\LocalService","Performance Logs and Alerts は、あらかじめ構成されているスケジュール パラメーターに基づいて、ローカルまたはリモート コンピューターからパフォーマンス データを収集し、ログに書き込んだり、警告したりします。このサービスが止めてあると、パフォーマンス情報は集められません。このサービスが無効な場合は、明示的にこれに依存しているサービスを開始できません。"
"Plug and Play","Manual","LocalSystem","ユーザーからの最小限の入力、または入力なしで、コンピューターがハードウェアの変更を認識し、対応します。"
"IPsec Policy Agent","Manual","NT Authority\NetworkService","インターネット プロトコル セキュリティ (IPsec) はネットワークレベルのピア認証、データ送信元の認証、データの整合性、データの機密性 (暗号化)、および返信保護をサポートします。このサービスは、IP セキュリティ ポリシー スナップインまたはコマンド ライン ツール ""netsh ipsec"" で作成された IPsec ポリシーを適用します。このサービスを停止すると、ポリシーが接続に IPsec の使用を必要とする場合に、ネットワークの接続性の問題が発生します。また、このサービスを停止しているときは、Windows Defender ファイアウォールのリモート管理はできません。"
"Power","Auto","LocalSystem","電源ポリシーと電源ポリシーの通知配信を管理します。"
"印刷デバイス構成サービス","Manual","LocalSystem","印刷デバイス構成サービスは、IPP プリンターと UP プリンターのインストールを管理します。このサービスが停止すると、進行中のプリンターのインストールはすべて取り消される可能性があります。"
"Printer Extensions and Notifications","Manual","LocalSystem","このサービスは、カスタム プリンターのダイアログ ボックスを開き、リモートのプリント サーバーまたはプリンターからの通知を処理します。このサービスを無効にすると、プリンター拡張または通知は表示されません。"
"PrintScanBrokerService","Manual","LocalSystem","低権限スプーラーに必要な、セキュリティで保護された特権操作をサポートします。"
"User Profile Service","Auto","LocalSystem","このサービスにより、ユーザー プロファイルのロードとアンロードが行われます。このサービスが停止または無効になると、ユーザーは正常にサインインまたはサインアウトできなくなり、アプリからユーザーのデータにアクセスできなくなる可能性があります。また、プロファイルのイベント通知を受信するよう登録したコンポーネントで、通知を受信できなくなります。"
"Windows PushToInstall サービス","Manual","LocalSystem","Microsoft Store のインフラストラクチャ サポートを提供します。このサービスは自動的に開始されます。無効にすると、リモート インストールは正しく動作しなくなります。"
"Quality Windows Audio Video Experience","Manual","NT AUTHORITY\LocalService","高品質な Windows オーディオ ビデオ エクスペリエンス (qWave) は、IP ホーム ネットワーク上のオーディオ ビデオ (AV) ストリーミング アプリケーション向けのネットワーク プラットフォームです。qWave は、AV アプリケーションのネットワーク QoS (サービスの品質) を保証することで、AV ストリーミングのパフォーマンスと信頼性を向上させます。qWave は、受付制御、実行時の監視と実施、アプリケーションのフィードバック、およびトラフィックの優先順位付けのための機構を提供します。"
"Remote Access Auto Connection Manager","Manual","localSystem","プログラムにより、リモート DNS 名やリモート NetBIOS 名またはアドレスが参照された場合に、リモート ネットワークへの接続を作成します。"
"Remote Access Connection Manager","Manual","localSystem","このコンピューターからインターネットや他のリモート ネットワークへのダイヤルアップ接続と仮想プライベート ネットワーク (VPN) 接続を管理します。このサービスを無効にすると、このサービスに明示的に依存しているサービスは開始できません。"
"ReFS 重複除去サービス","Manual","LocalSystem","ファイルの変更を追跡し、スケジュールされた最適化ジョブを実行するためのReFS データ重複除去と圧縮サービス。"
"Routing and Remote Access","Disabled","localSystem","企業ユーザーのために、ローカル エリア ネットワークとワイド エリア ネットワーク環境でのルーティング サービスを提供します。"
"Remote Registry","Disabled","NT AUTHORITY\LocalService","リモート ユーザーがこのコンピューターのレジストリ設定を変更できるようにします。このサービスが停止している場合は、このコンピューターのユーザーのみがレジストリを変更できます。このサービスを無効にすると、このサービスに明示的に依存するすべてのサービスを開始できなくなります。"
"市販デモ サービス","Manual","LocalSystem","デバイスが市販デモ モードの間、市販デモ サービスによってデバイスの動作が制御されます。"
"無線管理サービス","Manual","NT AUTHORITY\LocalService","無線管理および機内モード サービス"
"RPC Endpoint Mapper","Auto","NT AUTHORITY\NetworkService","トランスポートのエンドポイントに対する RPC インターフェイス識別子を解決します。このサービスが停止または無効の場合、リモート プロシージャ コール (RPC) サービスは正常に機能しません。"
"Remote Procedure Call (RPC) Locator","Manual","NT AUTHORITY\NetworkService","Windows 2003 およびそれ以前のバージョンの Windows では、リモート プロシージャ コール (RPC) ロケーター サービスによって、RPC ネーム サービス データベースが管理されます。Windows Vista およびそれ以降のバージョンの Windows では、このサービスは機能を提供せず、アプリケーションの互換性のために存在しています。"
"Remote Procedure Call (RPC)","Auto","NT AUTHORITY\NetworkService","RPCSS サービスは、COM および DCOM サーバーのサービス コントロール マネージャーです。COM および DCOM サーバーに対して、オブジェクト アクティブ化要求、オブジェクト エクスポーターの解決、および分散ガベージ コレクションを実行します。このサービスが停止しているか無効になっている場合、COM または DCOM を使用するプログラムは正常に機能しません。RPCSS サービスを実行しておくことを推奨します。"
"Realtek Audio Universal Service","Auto","LocalSystem","Realtek Audio Universal Service"
"Security Accounts Manager","Auto","LocalSystem","このサービスのスタートアップで別のサービスに、セキュリティ アカウント マネージャー (SAM) は、要求を受信する準備ができているというシグナルを送信します。このサービスを無効にするとシステムのほかのサービスは、SAM の準備ができたときに通知されません。この場合、これらのサービスを開始できないことがあります。このサービスを無効にしないでください。"
"Smart Card","Manual","NT AUTHORITY\LocalService","このコンピューターで読み取られたスマート カードへのアクセスを管理します。このサービスが停止されると、このコンピューターではスマート カードを読み取れなくなります。このサービスが無効にされると、このサービスに明示的に依存しているサービスはすべて開始できなくなります。"
"Smart Card Device Enumeration Service","Manual","LocalSystem","指定されたセッションにアクセスできるすべてのスマート カード リーダーのためにソフトウェア デバイス ノードを作成します。このサービスを無効にすると、WinRT API はスマート カード リーダーを列挙できなくなります。"
"Task Scheduler","Auto","LocalSystem","ユーザーは、コンピューターの自動タスクを構成およびスケジュールできます。このサービスは Windows のシステムに必要な複数のタスクもホストします。このサービスが停止されている場合や無効になっている場合、スケジュールされた時刻にタスクは起動されません。このサービスが無効になっている場合は、このサービスに明示的に依存するサービスは開始できなくなります。"
"Smart Card Removal Policy","Manual","LocalSystem","ユーザー デスクトップからスマート カードを引き抜いたときにデスクトップをロックするよう、システムを構成できます。"
"Windows バックアップ","Manual","localSystem","Windows バックアップと復元の機能を提供します。"
"Secondary Logon","Manual","LocalSystem","別の資格情報でのプロセスの開始を有効にします。このサービスを停止するとこの種のログオン アクセスは利用できなくなります。このサービスを無効にすると、このサービスに明示的に依存しているサービスはすべて開始できなくなります。"
"Windows セキュリティ サービス","Manual","LocalSystem","Windows セキュリティ サービスは、統合デバイス保護と正常性情報を処理します"
"支払いおよび NFC/SE マネージャー","Manual","NT AUTHORITY\LocalService","支払いおよび近距離無線通信 (NFC) ベースのセキュアエレメントを管理します。"
"System Event Notification Service","Auto","LocalSystem","システム イベントを監視し、これらのイベントの COM+ イベント システムにサブスクライバーを通知します。"
"Sense","Manual","LocalSystem",
"Sensor Data Service","Manual","LocalSystem","各種センサーからのデータを配信"
"Sensor Service","Manual","LocalSystem","さまざまなセンサーの機能を管理するセンサー用サービス。センサーの簡易デバイス方向 (SDO: Simple Device Orientation) と履歴を管理します。デバイス方向の変化をレポートする SDO センサーを読み込みます。このサービスが停止している場合または無効になっている場合は、SDO センサーが読み込まれないため、自動回転が行われません。センサーからの履歴収集も停止されます。"
"Sensor Monitoring Service","Manual","NT AUTHORITY\LocalService","データを公開してシステムおよびユーザーの状態に合わせるために、さまざまなセンサーを監視します。このサービスを停止または無効にすると、光の状態に合わせた画面の明るさの調節は行われません。このサービスを停止すると、他のシステム機能にも影響する可能性があります。"
"Remote Desktop Configuration","Manual","localSystem","リモート デスクトップ サービスとリモート デスクトップに関連する、SYSTEM コンテキストを必要とするすべての構成およびセッション管理のアクティビティには、リモート デスクトップの構成サービス (RDCS) が使用されます。これらのアクティビティには、セッションごとの一時フォルダー、RD テーマ、および RD 証明書が含まれます。"
"Internet Connection Sharing (ICS)","Manual","LocalSystem","ホーム ネットワークまたは小規模オフィスのネットワークに対してネットワーク アドレスの変換、アドレスの指定、名前解決、およびアタックの防止のサービスを提供します。"
"Shell Hardware Detection","Auto","LocalSystem","自動再生ハードウェア イベントの通知を提供します。"
"Shared PC Account Manager","Disabled","LocalSystem","Manages profiles and accounts on a SharedPC configured device"
"Syunkai Background daemon","Auto","LocalSystem",
"SkClear","Auto","LocalSystem","SkClear"
"Syunkai Remote Display Service","Auto","LocalSystem",
"Microsoft Storage Spaces SMP","Manual","NT AUTHORITY\NetworkService","Microsoft 記憶域管理プロバイダーのホスト サービスです。このサービスが停止するか、無効になると、記憶域を管理できなくなります。"
"Microsoft Windows SMS ルーター サービス。","Manual","NT Authority\LocalService","規則に基づいてメッセージを適切なクライアントにルーティングします。"
"SNMP トラップ","Manual","NT AUTHORITY\LocalService","ローカルまたはリモートの簡易ネットワーク管理プロトコル (SNMP) エージェントによって生成されたトラップ メッセージを受信して、このコンピューター上で実行されている SNMP 管理プログラムに転送します。このサービスが停止している場合は、このコンピューター上の SNMP ベースのプログラムは SNMP トラップ メッセージを受信しません。このサービスが無効になっている場合は、このサービスに明示的に依存しているすべてのサービスは開始できなくなります。"
"Print Spooler","Auto","LocalSystem","このサービスは、印刷ジョブをスプールし、プリンターとの通信を処理します。このサービスを停止すると、印刷できなくなるか、プリンターが表示されなくなります。"
"Software Protection","Auto","NT AUTHORITY\NetworkService","Windows と Windows アプリケーションのデジタル ライセンスのダウンロード、インストール、および実施を有効にします。このサービスを無効にした場合、オペレーティング システムおよびライセンスされたアプリケーションは、通知モードで実行される可能性があります。ソフトウェア保護サービスを無効にしないことをお勧めします。"
"SRNT3","Auto","LocalSystem","SRⅣ生徒端末ソフトのサービス"
"SSDP Discovery","Manual","NT AUTHORITY\LocalService","SSDP 発見プロトコルを使用する、UPnP デバイスなどのネットワーク デバイスやサービスを検出します。また、ローカル コンピューターで実行中の SSDP デバイスを表示します。サービスを停止すると、SSDP ベースのデバイスは検出されません。サービスを無効にすると、このサービスに明示的に依存するサービスは開始できません。"
"OpenSSH Authentication Agent","Disabled","LocalSystem","Agent to hold private keys used for public key authentication."
"Secure Socket Tunneling Protocol Service","Manual","NT Authority\LocalService","VPN によるリモート コンピューターへの接続に使用する Secure Socket トンネリング プロトコルのサポートを提供します。このサービスが無効になっている場合、ユーザーが SSTP を使用してリモート サーバーに接続することはできません。"
"State Repository Service","Auto","LocalSystem","アプリケーション モデルに対する必要なインフラストラクチャ サポートを提供します。"
"Windows Image Acquisition (WIA)","Auto","NT Authority\LocalService","スキャナーとカメラに画像取得サービスを提供します"
"Storage Service","Auto","LocalSystem","ストレージ設定と外部ストレージの拡張を有効にするためのサービスを提供します"
"Spot Verifier","Manual","LocalSystem","ファイル システム破損の可能性を検査します。"
"Microsoft Software Shadow Copy Provider","Manual","LocalSystem","ボリューム シャドウ コピー サービスによるソフトウェア ベースのシャドウ コピーを管理します。このサービスが停止している場合、ソフトウェア ベースのシャドウ コピーは管理できません。このサービスが無効な場合は、このサービスに明確に依存しているすべてのサービスは開始できなくなります。"
"SysMain","Auto","LocalSystem","長期間にわたり、システム パフォーマンスの維持および向上を図ります。"
"System Events Broker","Auto","LocalSystem","WinRT アプリケーションのバックグラウンド処理の実行を調整します。このサービスが停止しているか無効になっている場合、バックグラウンド処理がトリガーされない可能性があります。"
"Telephony","Manual","NT AUTHORITY\NetworkService","テレフォニー デバイスを制御するプログラムを使用してテレフォニー API (TAPI) を供給します。ローカル コンピューターと同様、このサービスを実行しているサーバーを LAN をとおして制御できます。"
"Remote Desktop Services","Manual","NT Authority\NetworkService","ユーザーがリモート コンピューターに対話的に接続できるようになります。リモート デスクトップおよびリモート デスクトップ セッション ホスト サーバーは、このサービスに依存します。このコンピューターをリモートで使えないようにするには、コントロール パネルの [システム] の [リモート] タブにあるチェックボックスをオフにしてください。"
"Text Input Management Service","Auto","LocalSystem","テキスト入力、表現入力、タッチ キーボード、手書き、IME を有効にします。"
"Themes","Auto","LocalSystem","テーマの管理を提供します。"
"Storage Tiers Management","Manual","localSystem","システム内のすべての階層型記憶域で、記憶域階層へのデータの配置を最適化します。"
"Time Broker","Manual","NT AUTHORITY\LocalService","WinRT アプリケーションのバックグラウンド処理の実行を調整します。このサービスが停止しているか無効になっている場合、バックグラウンド処理がトリガーされない可能性があります。"
"Trend Micro Unauthorized Change Prevention Service","Manual","LocalSystem","トレンドマイクロの不正変更防止機能を管理します。"
"Apex One Common Client Solution Framework","Manual","LocalSystem","Trend Micro Apex Oneセキュリティエージェントの高度なソリューションおよび機能を管理します。"
"Apex One NT Listener","Auto","LocalSystem","Apex Oneサーバからコマンドと通知を受信して、Apex Oneセキュリティエージェントからサーバへの通信を制御します。"
"Apex One NT WSC Service","Auto","LocalSystem","Reports security status of Apex One agents to Security Center"
"Web アカウント マネージャー","Manual","LocalSystem","このサービスは、アプリとサービスにシングル サインオンを提供するために Web アカウント マネージャーによって使用されます。"
"Distributed Link Tracking Client","Auto","LocalSystem","ネットワーク内またはコンピューターの NTFS ボリューム間のリンクを管理します。"
"推奨トラブルシューティング サービス","Manual","LocalSystem","推奨されるトラブルシューティングを適用して、既知の問題の自動軽減を実現します。停止した場合は、デバイスの問題に関するトラブルシューティングをお勧めしません。"
"Windows Modules Installer","Manual","localSystem","Windows の更新プログラムおよびオプション コンポーネントのインストール、変更、および削除を可能にします。このサービスを無効にしていると、このコンピューターに対する Windows Update のインストールまたはアンインストールが失敗する場合があります。"
"タイム ゾーンの自動更新機能","Disabled","NT AUTHORITY\LocalService","システムのタイム ゾーンを自動的に設定します。"
"ユーザー エクスペリエンス仮想化サービス","Disabled","LocalSystem","アプリケーション設定と OS 設定のローミングをサポートします"
"Remote Desktop Services UserMode Port Redirector","Manual","localSystem","RDP 接続用のプリンター/ドライブ/ポートのリダイレクトを許可します"
"UPnP Device Host","Manual","NT AUTHORITY\LocalService","このコンピューター上での UPnP デバイスのホストを可能にします。サービスを停止すると、ホストされている UPnP デバイスは機能しなくなり、ホストされるデバイスを追加することもできません。サービスを無効にすると、明示的にこのサービスに依存しているサービスは開始できなくなります。"
"User Manager","Auto","LocalSystem","ユーザー マネージャーは、マルチユーザーの操作に必要なランタイム コンポーネントを提供します。このサービスが停止すると、一部のアプリケーションが正常に機能しなくなる可能性があります。"
"Orchestrator Service の更新","Auto","LocalSystem","Windows 更新プログラムを管理します。停止すると、デバイスは最新の更新プログラムをダウンロードしてインストールできなくなります。"
"Credential Manager","Manual","LocalSystem","セキュリティで保護された資格情報の保存と取得を、ユーザー、アプリケーション、およびセキュリティ サービス パッケージに提供します。"
"Virtual Disk","Manual","LocalSystem","ディスク、ボリューム、ファイル システム、および記憶域アレイの管理サービスを提供します。"
"Hyper-V Guest Service Interface","Manual","LocalSystem","仮想マシン内で実行されている特定のサービスを操作するための Hyper-V ホストのインターフェイスを提供します。"
"Hyper-V Heartbeat Service","Manual","LocalSystem","定期的にハートビートを報告することで、この仮想マシンの状態を監視します。このサービスは、応答が停止した稼動中の仮想マシンを特定するために役立ちます。"
"Hyper-V Data Exchange Service","Manual","LocalSystem","仮想マシンと物理コンピューター上で実行されているオペレーティング システムとの間でデータを交換する手段を提供します。"
"Hyper-V リモート デスクトップ仮想化サービス","Manual","LocalSystem","仮想マシンと物理コンピューターで実行されているオペレーティング システムの間で通信を行うためのプラットフォームを提供します。"
"Hyper-V Guest Shutdown Service","Manual","LocalSystem","この仮想マシンのオペレーティング システムを物理コンピューター上の管理インターフェイスからシャットダウンする手段を提供します。"
"Hyper-V Time Synchronization Service","Manual","NT AUTHORITY\LocalService","この仮想マシンのシステム時刻を物理コンピューターのシステム時刻と同期します。"
"Hyper-V PowerShell Direct Service","Manual","LocalSystem","仮想ネットワークを使わずに、PowerShell を使用して VM セッション経由で仮想マシンを管理する手段を提供します。"
"Hyper-V ボリューム シャドウ コピー リクエスター","Manual","LocalSystem","物理コンピューター上のオペレーティング システムから仮想マシンにアプリケーションとデータをバックアップするボリューム シャドウ コピー サービスを使用するために必要な通信を調整します。"
"Volume Shadow Copy","Disabled","LocalSystem","バックアップやその他の目的で使用されるボリューム シャドウ コピーを、管理および実装します。このサービスが停止されると、シャドウ コピーはバックアップに利用できず、バックアップは失敗する可能性があります。このサービスが無効の場合、これに明示的に依存するサービスは開始できません。"
"Windows Time","Manual","NT AUTHORITY\LocalService","ネットワーク上のクライアントとサーバーの日時の同期を維持します。このサービスを停止すると、日時の同期は行われなくなります。このサービスを無効にすると、このサービスに依存しているサービスは起動できなくなります。"
"WaaSMedicSvc","Manual","LocalSystem",
"WalletService","Manual","LocalSystem","ウォレットのクライアントによって使用されるオブジェクトをホストします"
"Warp JIT Service","Manual","NT Authority\LocalService","Enables JIT compilation support in d3d10warp.dll for processes in which code generation is disabled."
"Block Level Backup Engine Service","Manual","localSystem","WBENGINE サービスは Windows バックアップでバックアップと回復操作の実行のために使用されます。このサービスがユーザーによって停止されると、現在実行されているバックアップまたは回復操作に失敗する原因になることがあります。このサービスを無効にすると、このコンピューター上で Windows バックアップを使用するバックアップと回復操作が無効になることがあります。"
"Windows Biometric Service","Manual","LocalSystem","Windows 生体認証サービスを使用すると、クライアント アプリケーションでは、生体認証ハードウェアまたはサンプルに直接アクセスせずに生体認証データをキャプチャ、比較、操作、および保存できます。このサービスは、特権のある SVCHOST プロセスでホストされます。"
"Windows Connection Manager","Auto","NT Authority\LocalService","PC で現在使用可能なネットワーク接続オプションに基づいて接続および切断の自動決定を行い、グループ ポリシー設定に基づいてネットワーク接続の管理を有効にします。"
"Windows Connect Now - Config Registrar","Manual","NT AUTHORITY\LocalService","WCNCSVC は、Wireless Protected Setup (WPS) プロトコルの Microsoft による実装である Windows Connect Now の構成をホストします。Windows Connect Now を使用すると、アクセス ポイント (AP) またはワイヤレス デバイスのワイヤレス LAN 設定を構成できます。このサービスは、必要に応じてプログラムによって開始されます。"
"Diagnostic Service Host","Manual","NT AUTHORITY\LocalService","Diagnostic Service Host は、ローカル サービス コンテキストでの実行が必要な診断をホストするために、診断ポリシー サービスによって使用されます。このサービスを停止すると、このサービスに依存する診断はすべて機能しなくなります。"
"Diagnostic System Host","Manual","LocalSystem","Diagnostic System Host は、ローカル システム コンテキストでの実行が必要な診断をホストするために、診断ポリシー サービスによって使用されます。このサービスを停止すると、このサービスに依存する診断はすべて機能しなくなります。"
"Microsoft Defender ウイルス対策 ネットワーク検査サービス","Manual","NT AUTHORITY\LocalService","ネットワーク プロトコルでの既知の脆弱性や新たに見つかった脆弱性をねらった侵入の阻止に役立ちます"
"WebClient","Manual","NT AUTHORITY\LocalService","Windows ベースのプログラムでインターネット ベースのファイルを作成および修正したり、インターネット ベースのファイルにアクセスしたりすることができます。このサービスが停止された場合、これらの機能は利用できなくなります。このサービスが無効になった場合は、このサービスに依存するサービスは開始できなくなります。"
"Web Threat Defense サービス","Manual","NT AUTHORITY\LocalService","Web Threat Defense エンドポイント サービスは、ユーザー資格情報へのアクセスを試みる承認されていないエンティティを識別することで、コンピューターを保護するのに役立ちます"
"Windows Event Collector","Manual","NT AUTHORITY\NetworkService","このサービスは、WS-Management プロトコルをサポートするリモート ソースから受信するイベントの永続的サブスクリプションを管理します。これには、Windows Vista イベント ログ、ハードウェアおよび IPMI 対応イベント ソースが含まれます。サービスは転送されたイベントをローカルのイベント ログに保存します。このサービスが停止するか無効になっている場合、イベント サブスクリプションは作成できず、転送されたイベントは受け付けることができません。"
"Windows Encryption Provider Host Service","Manual","NT AUTHORITY\LocalService","Windows 暗号化プロバイダー ホスト サービスが仲介となって、暗号化に関連した機能が、サード パーティの暗号化プロバイダーから、EAS ポリシーを評価し適用する必要があるプロセスへ渡されます。このホスト サービスを停止すると、接続されているメール アカウントによって確立された EAS のコンプライアンスの検証に問題が発生する可能性があります"
"Problem Reports Control Panel Support","Manual","localSystem","このサービスは、コントロール パネルの [問題レポート] でシステム レベルの問題レポートの表示、送信、削除をサポートします。"
"Windows Error Reporting Service","Manual","localSystem","プログラムの動作または応答が停止したときにエラーが報告されるのを許可し、既にある解決策が配信されるのを許可します。また、診断および修復サービスのためのログの生成を許可します。このサービスが停止されると、エラーの報告が正常に動作せず、診断サービスおよび修復の結果が表示されない可能性があります。"
"Wi-Fi Direct サービスの接続マネージャー サービス","Manual","NT AUTHORITY\LocalService","ワイヤレス サービスへの接続を管理します (ワイヤレス ディスプレイやドッキングなど)。"
"Windows の正常性と最適化されたエクスペリエンス","Auto","LocalSystem","ユーザー エクスペリエンスを向上させるには、デバイスを監視します"
"Still Image Acquisition Events","Manual","LocalSystem","静止イメージ取得イベントに関連付けられているアプリケーションを起動します。"
"Microsoft Defender ウイルス対策サービス","Manual","LocalSystem","マルウェアおよびその他の望ましくない可能性のあるソフトウェアからのユーザー保護に役立ちます"
"WinHTTP Web Proxy Auto-Discovery Service","Manual","NT AUTHORITY\LocalService","WinHTTP はクライアント HTTP スタックを実装し、HTTP 要求の送信および応答の受信を行う Win32 API および COM オートメーション コンポーネントを開発者に提供します。さらに、WinHTTP は Web プロキシ自動発見 (WPAD) プロトコルの実装により、プロキシ構成を自動検出します。"
"Windows Management Instrumentation","Auto","localSystem","オペレーティング システム、デバイス、アプリケーション、サービスに関する管理情報にアクセスするための共通インターフェイスとオブジェクト モデルを提供します。このサービスが停止していると、Windows ベースのソフトウェアのほとんどが正しく機能しません。このサービスが無効になっている場合は、このサービスに明示的に依存するサービスは何も開始できなくなります。"
"Windows Remote Management (WS-Management)","Manual","NT AUTHORITY\NetworkService","Windows リモート管理 (WinRM) サービスは、リモート管理用の WS-Management プロトコルを実装しています。WS-Management は、リモートのソフトウェアとハードウェアの管理に使用される標準の Web サービス プロトコルです。WinRM サービスは、ネットワーク上で WS-Management 要求をリッスンして処理します。WinRM サービスがネットワークをリッスンできるように、winrm.cmd コマンド ライン ツールを使用するかグループ ポリシーを介して、WinRM サービスにリスナーを構成する必要があります。このサービスを使用することにより、WMI データへのアクセスとイベントの収集が可能になります。イベントの収集およびイベントに対するサブスクリプションを実行する場合、WinRM サービスが稼働している必要があります。WinRM メッセージは、HTTP および HTTPS をトランスポートとして使用します。WinRM サービスは IIS には依存しませんが、同じコンピューター上で 1 つのポートを IIS と共有するよう事前に設定されています。このサービスでは URL のプレフィックスとして /wsman が予約されています。IIS との競合を避けるため、IIS 上のどの Web サイトでも /wsman が URL プレフィックスとして使用されていないことを確認する必要があります。"
"Windows Insider サービス","Manual","LocalSystem","Windows Insider Program のインフラストラクチャ サポートを提供します。Windows Insider Program が機能するためには、このサービスを有効にしておく必要があります。"
"WLAN AutoConfig","Manual","LocalSystem","WLANSVC サービスは、IEEE 802.11 標準で定義されているワイヤレス ローカル エリア ネットワーク (WLAN) の構成、検出、接続、切断に必要なロジックを提供します。これには、このコンピューターをソフトウェア アクセス ポイントに変更し、このサービスをサポートする WLAN アダプターを使用して他のデバイスやコンピューターがワイヤレスにこのコンピューターに接続できるようにするロジックも含まれています。WLANSVC サービスを停止または無効にすると、このコンピューターのすべての WLAN アダプターは、Windows ネットワーキング UI からアクセスできなくなります。コンピューターに WLAN アダプターが接続されている場合は、WLANSVC サービスを実行しておくことをお勧めします。"
"Microsoft Account Sign-in Assistant","Manual","LocalSystem","ユーザーは Microsoft アカウント ID サービスを使用してサインインできます。このサービスが停止されている場合、ユーザーは、Microsoft アカウントを使用してコンピューターにログオンできなくなります。"
"ローカル プロファイル アシスタント サービス","Manual","NT Authority\LocalService","このサービスは、サブスクライバー ID モジュールのプロファイル管理を提供します。"
"Windows 管理サービス","Manual","LocalSystem","プロビジョニングや登録アクティビティなどの管理を実行します"
"WMI Performance Adapter","Manual","localSystem","Windows Management Instrumentation (WMI) プロバイダーからネットワーク上のクライアントへのパフォーマンス ライブラリ情報を提供します。このサービスは Performance Data Helper が有効なときにのみ実行します。"
"Intel(R) Management Engine WMI Provider Registration","Auto","LocalSystem","Intel(R) Management Engine WMI Provider Registration Service"
"Windows Media Player Network Sharing Service","Manual","NT AUTHORITY\NetworkService","ユニバーサル プラグ アンド プレイを使用して、Windows Media Player ライブラリを、ネットワーク接続された他のプレーヤーやメディア デバイスと共有します"
"Work Folders","Manual","NT AUTHORITY\LocalService","このサービスは、ワーク フォルダー サーバーとファイルを同期するため、ワーク フォルダーをセットアップした任意の PC やデバイスでファイルを使用できるようになります。"
"保護者による制限","Manual","LocalSystem","Windows で保護者による制限をお子様のアカウントに適用します。このサービスを停止または無効にした場合、保護者による制限は適用されない可能性があります。"
"Portable Device Enumerator Service","Manual","LocalSystem","リムーバブル大容量記憶装置用のグループ ポリシーを適用します。Windows Media Player やイメージ インポート ウィザードなどのアプリケーションにより、リムーバブル大容量記憶装置を使用してコンテンツを転送または同期できるようにします。"
"Windows プッシュ通知システム サービス","Auto","LocalSystem","このサービスはセッション 0 で実行し、通知プラットフォームと、デバイスと WNS サーバー間の接続を処理する接続プロバイダーをホストします。"
"WSAIFabricSvc","Auto","NT AUTHORITY\LocalService","COM 経由でローカル サービス コンテキストで AIFabric と通信するためのサポートを提供します。"
"セキュリティ センター","Auto","NT AUTHORITY\LocalService","WSCSVC (Windows セキュリティ センター) サービスは、コンピューター上のセキュリティの正常性設定を監視および報告します。対象となる正常性設定は、ファイアウォール (オン/オフ)、ウイルス対策ソフトウェア (オン/オフ/最新の状態でない)、スパイウェア対策ソフトウェア (オン/オフ/最新の状態でない)、Windows Update (自動更新/更新プログラムの手動によるダウンロードとインストール)、ユーザー アカウント制御 (オン/オフ)、インターネット設定 (推奨/非推奨) などです。このサービスが提供する COM API を使用して、独立ソフトウェア ベンダーは自社製品の状態をセキュリティ センター サービスに登録および記録できます。セキュリティとメンテナンスの UI では、このサービスを利用して、システム トレイにアラートを表示したり、セキュリティ正常性状態をセキュリティとメンテナンスのコントロール パネルにグラフィカルに表示します。ネットワーク アクセス保護 (NAP) では、このサービスを利用してクライアントのセキュリティ正常性状態を NAP ネットワーク ポリシー サーバーに報告し、ネットワークの検疫の必要性を判断します。また、このサービスには、外部のコンシューマーがシステムのセキュリティ正常性状態の集計データをプログラムによって取得するためのパブリック API もあります。"
"Windows Search","Auto","LocalSystem","ファイル、電子メール、その他のコンテンツに対して、コンテンツのインデックス作成、プロパティ キャッシュ処理、検索結果の表示を行います。"
"Windows Update","Manual","LocalSystem","Windows およびその他のプログラムに対する更新プログラムの検出、ダウンロード、およびインストールを有効にします。このサービスが無効な場合、このコンピューターのユーザーは Windows Update またはその自動更新機能を使用できなくなります。また、プログラムによる Windows Update Agent (WUA) API も使用できなくなります。"
"Microsoft の使用状況と品質に関するインサイト","Manual","NT AUTHORITY\LocalService","使用状況とエクスペリエンスの品質に関する概要情報と分析情報を生成する Microsoft サービス。ファクトは、デバイス上の自己復旧やその他のオプションのワークフロー (個人用プランなど) を自動化するために使用されます。"
"WWAN AutoConfig","Manual","localSystem","このサービスは、モバイル ブロードバンド (GSM と CDMA) データ カードまたは埋め込みモジュール アダプターと接続を、ネットワークを自動的に構成することによって管理します。モバイル ブロードバンド デバイスを快適にお使いいただくには、このサービスを常に実行しておくことをお勧めします。"
"Xbox Live Auth Manager","Manual","LocalSystem","Xbox Live との互換性を可能にするために認証や認証サービスを提供します。サービスが停止した場合、正常に機能しないアプリケーションがあります。"
"Xbox Live セーブ データ","Manual","LocalSystem","このサービスを使用すれば、Xbox Live セーブ可能なゲームのセーブ データを同期できます。サービスが停止した場合、ゲームのセーブ データは Xbox Live にアップロードやダウンロードされません。"
"Xbox Accessory Management Service","Manual","LocalSystem","This service manages connected Xbox Accessories."
"Xbox Live ネットワーキング サービス","Manual","LocalSystem","このサービスは、Windows.Networking.XboxLive アプリケーション プログラミング インターフェイスに対応しています。"
"ZTDNS ヘルパー サービス","Manual","LocalSystem","ZTDNS ヘルパー サービス"
"Agent Activation Runtime_ef85a","Manual",,"Runtime for activating conversational agent applications"
"GameDVR とブロードキャスト ユーザー サービス_ef85a","Manual",,"このユーザー サービスは、ゲーム録画とライブ ブロードキャストに使用します。"
"Bluetooth ユーザー サポート サービス_ef85a","Manual",,"Bluetooth ユーザー サービスは、各ユーザー セッションに関連する Bluetooth 機能の適切な動作をサポートします。"
"CaptureService_ef85a","Manual",,"Windows.Graphics.Capture API を呼び出すアプリケーションに対してオプションの画面取り込み機能を有効にします。"
"クリップボード ユーザー サービス_ef85a","Auto",,"このユーザー サービスはクリップボードのシナリオに使用されます"
"Connected Devices Platform ユーザー サービス_ef85a","Auto",,"このユーザー サービスは、Connected Devices Platform のシナリオに使用されます"
"クラウド バックアップおよび復元サービス_ef85a","Manual",,"システムのアプリケーションおよび設定状態の変化を監視し、必要に応じてクラウド バックアップおよび復元操作を実行します。"
"ConsentUX のユーザー サービス_ef85a","Manual",,"アプリが機密のリソースやデバイスの場所などの情報にアクセスできるようにするために、システムがユーザーの同意を要求することを許可する"
"CredentialEnrollmentManagerUserSvc_ef85a","Manual",,"資格情報の登録マネージャー"
"DeviceAssociationBroker_ef85a","Manual",,"Enables apps to pair devices"
"DevicePicker_ef85a","Manual",,"このユーザー サービスは、Miracast、DLNA、DIAL UI を管理するために使用されます。"
"デバイス フロー_ef85a","Manual",,"ConnectUX と PC 設定を Wi-Fi ディスプレイと Bluetooth デバイスに接続し、ペアリングすることを許可します。"
"MessagingService_ef85a","Manual",,"テキスト メッセージと関連する機能をサポートしているサービスです。"
"セッション マネージャー サービスを再生しています_ef85a","Manual",,"このサービスは、メディア シナリオに使用されるプレイ ビュー セッション マネージャーをホストします"
"ホストの同期_ef85a","Auto",,"このサービスはメール、連絡先、カレンダー、および他のさまざまなユーザー データを同期します。このサービスが実行中でないときは、メールと、この機能に依存する他のアプリケーションは正しく機能しません。"
"P9RdrService_ef85a","Manual",,"Plan9 ファイル サーバーのトリガー開始を有効にします。"
"PenService_ef85a","Manual",,"ペン サービス"
"Contact Data_ef85a","Manual",,"連絡先のインデックスを作成して、連絡先の検索を高速化します。このサービスを停止または無効にすると、連絡先が検索結果に含まれなくなる可能性があります。"
"PrintWorkflow_ef85a","Manual",,"印刷ワークフロー アプリケーションのサポートを提供します。このサービスを無効にすると、印刷できない場合があります。"
"Udk User Service_ef85a","Manual",,"シェル コンポーネント サービス"
"User Data Storage_ef85a","Manual",,"構造化されたユーザー データのストレージを処理します。ユーザー データには、連絡先情報、予定表、メッセージなどのコンテンツが含まれます。このサービスを停止または無効にすると、このデータを使用するアプリが正しく動作しなくなる可能性があります。"
"User Data Access_ef85a","Manual",,"構造化されたユーザー データへのアクセスをアプリに提供します。ユーザー データには、連絡先情報、予定表、メッセージなどのコンテンツが含まれます。このサービスを停止または無効にすると、このデータを使用するアプリが正しく動作しなくなる可能性があります。"
"Web Threat Defense ユーザー サービス_ef85a","Auto",,"Web Threat Defense ユーザー サービスは、承認されていないエンティティが資格情報へのアクセスを試みた場合にユーザーに警告することで、コンピューターを保護するのに役立ちます"
"Windows Push Notifications User Service_ef85a","Auto",,"このサービスは、ローカル通知とプッシュ通知をサポートする Windows 通知プラットフォームをホストします。タイル通知、トースト通知、直接通知がサポートされています。"
